created_at,id,id_str,text,full_text,truncated,entities,source,in_reply_to_status_id,in_reply_to_status_id_str,in_reply_to_user_id,in_reply_to_user_id_str,in_reply_to_screen_name,geo,coordinates,place,contributors,is_quote_status,retweet_count,favorite_count,favorited,favorited_by,retweeted,scopes,lang,possibly_sensitive,display_text_width,display_text_range,retweeted_status,quoted_status,quoted_status_id,quoted_status_id_str,quoted_status_permalink,quote_count,timestamp_ms,reply_count,filter_level,metadata,query,withheld_scope,withheld_copyright,withheld_in_countries,possibly_sensitive_appealable
2023-02-04T01:26:45Z,1621681635195326500,1621681635195326464,√Ånimo Chile üôèüèª,√Ånimo Chile üôèüèª,FALSE,,"<a href=""http://twitter.com/download/iphone"" rel=""nofollow"">Twitter for iPhone</a>",NA,NA,NA,NA,NA,,,,NA,FALSE,2470,77025,FALSE,NA,FALSE,NA,es,NA,NA,14,NA,,NA,NA,,NA,NA,NA,NA,NA,NA,NA,NA,NA,NA
2023-02-03T22:51:04Z,1621642452896465e3,1621642452896464896,Mexicanos explicadme esto ü§® https://t.co/dIok7m0FkZ,Mexicanos explicadme esto ü§® https://t.co/dIok7m0FkZ,FALSE,,"<a href=""http://twitter.com/download/iphone"" rel=""nofollow"">Twitter for iPhone</a>",NA,NA,NA,NA,NA,,,,NA,FALSE,541,36080,FALSE,NA,FALSE,NA,es,FALSE,NA,27,NA,,NA,NA,,NA,NA,NA,NA,NA,NA,NA,NA,NA,NA
2023-02-03T21:44:26Z,1.6216256871436001e+18,1621625687143600132,@IbaiLlanos üêê,@IbaiLlanos üêê,FALSE,,"<a href=""http://twitter.com/download/iphone"" rel=""nofollow"">Twitter for iPhone</a>",1621585012788265e3,1621585012788264960,2754746065,2754746065,IbaiLlanos,,,,NA,FALSE,57,7720,FALSE,NA,FALSE,NA,und,NA,NA,13,NA,,NA,NA,,NA,NA,NA,NA,NA,NA,NA,NA,NA,NA
2023-02-03T21:44:06Z,1621625601156124700,1621625601156124673,"Oye oye que estoy tranquilamente en una playa de M√©xico y me acabo de enterar que este domingo le tengo que tirar un penalti a este t√≠o en la Kings League, qu√© co√±o pasa??? https://t.co/sdHNToRQ4i","Oye oye que estoy tranquilamente en una playa de M√©xico y me acabo de enterar que este domingo le tengo que tirar un penalti a este t√≠o en la Kings League, qu√© co√±o pasa??? https://t.co/sdHNToRQ4i",FALSE,,"<a href=""http://twitter.com/download/iphone"" rel=""nofollow"">Twitter for iPhone</a>",NA,NA,NA,NA,NA,,,,NA,FALSE,136,10846,FALSE,NA,FALSE,NA,es,FALSE,NA,172,NA,,NA,NA,,NA,NA,NA,NA,NA,NA,NA,NA,NA,NA
2023-02-03T16:35:25Z,1621547918636318700,1621547918636318721,"@KidiIRL Jajaja en el primero pusimos el a√±o al que se refiere y en el segundo, el a√±o en el que se ha hecho la gala.

Mejor ponte 2077.","@KidiIRL Jajaja en el primero pusimos el a√±o al que se refiere y en el segundo, el a√±o en el que se ha hecho la gala.

Mejor ponte 2077.",FALSE,,"<a href=""http://twitter.com/download/iphone"" rel=""nofollow"">Twitter for iPhone</a>",1621468793984766e3,1621468793984765952,2335332745,2335332745,KidiIRL,,,,NA,FALSE,17,3159,FALSE,NA,FALSE,NA,es,NA,NA,136,NA,,NA,NA,,NA,NA,NA,NA,NA,NA,NA,NA,NA,NA
2023-02-02T22:59:03Z,1621282073796395e3,1621282073796395009,"Ha sido llegar a Canc√∫n y mi cuerpo ha hecho üí• por todo el esfuerzo de los Esland.

Me siento gilipollas estando en un lugar tan bonito y ponerme enfermo pero agradezco que haya sido ahora y no cuando ten√≠a que presentar una gala.

Mandadme un poco de KI y me recupero üíôü´°","Ha sido llegar a Canc√∫n y mi cuerpo ha hecho üí• por todo el esfuerzo de los Esland.

Me siento gilipollas estando en un lugar tan bonito y ponerme enfermo pero agradezco que haya sido ahora y no cuando ten√≠a que presentar una gala.

Mandadme un poco de KI y me recupero üíôü´°",FALSE,,"<a href=""http://twitter.com/download/iphone"" rel=""nofollow"">Twitter for iPhone</a>",NA,NA,NA,NA,NA,,,,NA,FALSE,311,25006,FALSE,NA,FALSE,NA,es,NA,NA,271,NA,,NA,NA,,NA,NA,NA,NA,NA,NA,NA,NA,NA,NA
2023-02-02T02:52:37Z,1620978466148724700,1620978466148724736,@pocho_jdr Wow ü•π,@pocho_jdr Wow ü•π,FALSE,,"<a href=""http://twitter.com/download/iphone"" rel=""nofollow"">Twitter for iPhone</a>",162055290984192e4,1620552909841920000,3308732921,3308732921,pocho_jdr,,,,NA,FALSE,22,3762,FALSE,NA,FALSE,NA,und,NA,NA,16,NA,,NA,NA,,NA,NA,NA,NA,NA,NA,NA,NA,NA,NA
2023-02-02T02:51:58Z,1620978304458055700,1620978304458055682,@ebihuryahurya Could you try KSante pls?,@ebihuryahurya Could you try KSante pls?,FALSE,,"<a href=""http://twitter.com/download/iphone"" rel=""nofollow"">Twitter for iPhone</a>",1620882590487175200,1620882590487175168,636220452,636220452,ebihuryahurya,,,,NA,FALSE,6,1209,FALSE,NA,FALSE,NA,en,NA,NA,40,NA,,NA,NA,,NA,NA,NA,NA,NA,NA,NA,NA,NA,NA
2023-02-01T17:19:39Z,1620834274911084500,1620834274911084545,"Para terminar de disfrutar de M√©xico despu√©s de todo el esfuerzo en los Esland, he decidido quedarme unos d√≠as en Canc√∫n.

Nos vemos el domingo con la Kings League, ahora a descansar üíôüôèüèª https://t.co/PgfNjK0Y1t","Para terminar de disfrutar de M√©xico despu√©s de todo el esfuerzo en los Esland, he decidido quedarme unos d√≠as en Canc√∫n.

Nos vemos el domingo con la Kings League, ahora a descansar üíôüôèüèª https://t.co/PgfNjK0Y1t",FALSE,,"<a href=""http://twitter.com/download/iphone"" rel=""nofollow"">Twitter for iPhone</a>",NA,NA,NA,NA,NA,,,,NA,FALSE,968,63855,FALSE,NA,FALSE,NA,es,FALSE,NA,186,NA,,NA,NA,,NA,NA,NA,NA,NA,NA,NA,NA,NA,NA
2023-01-31T18:59:30Z,1620497017331130400,1620497017331130368,@RealBetis Pero qu√© es esto amigos JAJAJAJAJAJ,@RealBetis Pero qu√© es esto amigos JAJAJAJAJAJ,FALSE,,"<a href=""http://twitter.com/download/iphone"" rel=""nofollow"">Twitter for iPhone</a>",1620495141994733600,1620495141994733583,296756458,296756458,RealBetis,,,,NA,FALSE,39,3799,FALSE,NA,FALSE,NA,es,NA,NA,46,NA,,NA,NA,,NA,NA,NA,NA,NA,NA,NA,NA,NA,NA
2023-01-31T16:32:44Z,1620460082025885700,1620460082025885697,"@LiquidWIFI Delete pls, Twitch called me","@LiquidWIFI Delete pls, Twitch called me",FALSE,,"<a href=""http://twitter.com/download/iphone"" rel=""nofollow"">Twitter for iPhone</a>",1619952909923516400,1619952909923516417,1919173232,1919173232,LiquidWIFI,,,,NA,FALSE,134,15732,FALSE,NA,FALSE,NA,en,NA,NA,40,NA,,NA,NA,,NA,NA,NA,NA,NA,NA,NA,NA,NA,NA
2023-01-31T06:32:59Z,1620309147488239600,1620309147488239617,La gente pele√°ndose por los Esland cuando esto fue lo importante. https://t.co/FOS3y9yRXa,La gente pele√°ndose por los Esland cuando esto fue lo importante. https://t.co/FOS3y9yRXa,FALSE,,"<a href=""http://twitter.com/download/iphone"" rel=""nofollow"">Twitter for iPhone</a>",NA,NA,NA,NA,NA,,,,NA,FALSE,3205,91583,FALSE,NA,FALSE,NA,es,FALSE,NA,65,NA,,NA,NA,,NA,NA,NA,NA,NA,NA,NA,NA,NA,NA
2023-01-31T04:01:21Z,1620270989484634e3,1620270989484634112,@angie_cr18 No,@angie_cr18 No,FALSE,,"<a href=""http://twitter.com/download/iphone"" rel=""nofollow"">Twitter for iPhone</a>",1620210327538528300,1620210327538528256,728793388883968e3,728793388883968000,angie_cr18,,,,NA,FALSE,35,4900,FALSE,NA,FALSE,NA,und,NA,NA,14,NA,,NA,NA,,NA,NA,NA,NA,NA,NA,NA,NA,NA,NA
2023-01-31T04:00:54Z,1620270877085692e3,1620270877085691906,"@polispol Gracias Pol por la opini√≥n, la agradezco mucho viniendo de un profesional como t√∫. Hay tiempo de aprender para la tercera edici√≥n üíôü´∂üèª","@polispol Gracias Pol por la opini√≥n, la agradezco mucho viniendo de un profesional como t√∫. Hay tiempo de aprender para la tercera edici√≥n üíôü´∂üèª",FALSE,,"<a href=""http://twitter.com/download/iphone"" rel=""nofollow"">Twitter for iPhone</a>",1620255430562943e3,1620255430562942976,67348503,67348503,polispol,,,,NA,FALSE,187,17542,FALSE,NA,FALSE,NA,es,NA,NA,143,NA,,NA,NA,,NA,NA,NA,NA,NA,NA,NA,NA,NA,NA
2023-01-31T00:37:12Z,1620219611823378400,1620219611823378432,Micro?,Micro?,FALSE,,"<a href=""http://twitter.com/download/iphone"" rel=""nofollow"">Twitter for iPhone</a>",NA,NA,NA,NA,NA,,,,NA,FALSE,709,43166,FALSE,NA,FALSE,NA,it,NA,NA,6,NA,,NA,NA,,NA,NA,NA,NA,NA,NA,NA,NA,NA,NA
2023-01-30T22:02:35Z,1620180702032707600,1620180702032707589,"Hablo de los Esland y revelo los VOTOS.

√öltimo directo en unos d√≠as porque me voy de vacaciones, gracias por todo.

üíôü´° https://t.co/hWQuFo1sns https://t.co/WRlAMEklTQ","Hablo de los Esland y revelo los VOTOS.

√öltimo directo en unos d√≠as porque me voy de vacaciones, gracias por todo.

üíôü´° https://t.co/hWQuFo1sns https://t.co/WRlAMEklTQ",FALSE,,"<a href=""http://twitter.com/download/iphone"" rel=""nofollow"">Twitter for iPhone</a>",NA,NA,NA,NA,NA,,,,NA,FALSE,507,14237,FALSE,NA,FALSE,NA,es,FALSE,NA,143,NA,,NA,NA,,NA,NA,NA,NA,NA,NA,NA,NA,NA,NA
2023-01-30T21:28:37Z,1620172154586415e3,1620172154586415108,"Premios Esland?

Yo vengo a culearte. https://t.co/phzKUt2Dt8","Premios Esland?

Yo vengo a culearte. https://t.co/phzKUt2Dt8",FALSE,,"<a href=""http://twitter.com/download/iphone"" rel=""nofollow"">Twitter for iPhone</a>",NA,NA,NA,NA,NA,,,,NA,FALSE,1724,72985,FALSE,NA,FALSE,NA,es,FALSE,NA,37,NA,,NA,NA,,NA,NA,NA,NA,NA,NA,NA,NA,NA,NA
2023-01-30T21:13:40Z,1620168391234580500,1620168391234580480,@JuanpaZurita Qu√© sentido ha tenido esto JAJAJAJAJAJ,@JuanpaZurita Qu√© sentido ha tenido esto JAJAJAJAJAJ,FALSE,,"<a href=""http://twitter.com/download/iphone"" rel=""nofollow"">Twitter for iPhone</a>",1620128393869291500,1620128393869291520,253755500,253755500,JuanpaZurita,,,,NA,FALSE,41,7508,FALSE,NA,FALSE,NA,es,NA,NA,52,NA,,NA,NA,,NA,NA,NA,NA,NA,NA,NA,NA,NA,NA
2023-01-30T21:12:50Z,1620168181536166e3,1620168181536165888,"Despu√©s de los Esland y la necesaria fiesta, este cabr√≥n mexicano me ha convencido para tirarme en paraca√≠das ü™Ç 

La peor decisi√≥n de mi vida, qu√© miedo he pasado, ya lo ver√©is jajajajaja https://t.co/Dg3u5vWSTM","Despu√©s de los Esland y la necesaria fiesta, este cabr√≥n mexicano me ha convencido para tirarme en paraca√≠das ü™Ç 

La peor decisi√≥n de mi vida, qu√© miedo he pasado, ya lo ver√©is jajajajaja https://t.co/Dg3u5vWSTM",FALSE,,"<a href=""http://twitter.com/download/iphone"" rel=""nofollow"">Twitter for iPhone</a>",NA,NA,NA,NA,NA,,,,NA,FALSE,669,42762,FALSE,NA,FALSE,NA,es,FALSE,NA,187,NA,,NA,NA,,NA,NA,NA,NA,NA,NA,NA,NA,NA,NA
2023-01-30T05:45:30Z,1619934809673044e3,1619934809673043969,@SpreenDMC @SpreenUpdates Te quedaste con ganas eh pelotudoo,@SpreenDMC @SpreenUpdates Te quedaste con ganas eh pelotudoo,FALSE,,"<a href=""http://twitter.com/download/iphone"" rel=""nofollow"">Twitter for iPhone</a>",1619859998527602700,1619859998527602688,1004392807522553900,1004392807522553856,SpreenDMC,,,,NA,FALSE,178,11973,FALSE,NA,FALSE,NA,es,NA,NA,60,NA,,NA,NA,,NA,NA,NA,NA,NA,NA,NA,NA,NA,NA
2023-01-30T02:58:33Z,1619892796999225300,1619892796999225344,"Ya ten√©is la Segunda Edici√≥n de los Premios Esland subida completa a YouTube.

Un RT si os ha gustado üíôüíôü´°

https://t.co/79jquh8ERh https://t.co/p4tZsbTrFu","Ya ten√©is la Segunda Edici√≥n de los Premios Esland subida completa a YouTube.

Un RT si os ha gustado üíôüíôü´°

https://t.co/79jquh8ERh https://t.co/p4tZsbTrFu",FALSE,,"<a href=""http://twitter.com/download/iphone"" rel=""nofollow"">Twitter for iPhone</a>",NA,NA,NA,NA,NA,,,,NA,FALSE,1968,20917,FALSE,NA,FALSE,NA,es,FALSE,NA,130,NA,,NA,NA,,NA,NA,NA,NA,NA,NA,NA,NA,NA,NA
2023-01-30T01:23:45Z,1619868939655454700,1619868939655454720,"Lo prometimos y lo hicimos. 

Gracias M√©xico por ser un lugar tan incre√≠ble para los @PremiosESLAND y gracias a toda la comunidad hispanohablante por el apoyo. üíôüíô https://t.co/5vZOwxoFAZ","Lo prometimos y lo hicimos. 

Gracias M√©xico por ser un lugar tan incre√≠ble para los @PremiosESLAND y gracias a toda la comunidad hispanohablante por el apoyo. üíôüíô https://t.co/5vZOwxoFAZ",FALSE,,"<a href=""http://twitter.com/download/iphone"" rel=""nofollow"">Twitter for iPhone</a>",NA,NA,NA,NA,NA,,,,NA,FALSE,3126,55202,FALSE,NA,FALSE,NA,es,FALSE,NA,162,NA,,NA,NA,,NA,NA,NA,NA,NA,NA,NA,NA,NA,NA
2023-01-30T00:54:30Z,1619861579687919600,1619861579687919617,https://t.co/IGxZoURjPs,https://t.co/IGxZoURjPs,FALSE,,"<a href=""http://twitter.com/download/iphone"" rel=""nofollow"">Twitter for iPhone</a>",NA,NA,NA,NA,NA,,,,NA,FALSE,6729,158096,FALSE,NA,FALSE,NA,zxx,FALSE,NA,0,NA,,NA,NA,,NA,NA,NA,NA,NA,NA,NA,NA,NA,NA
2023-01-30T00:32:15Z,1619855979457429500,1619855979457429507,@http_bubulubu Qu√© locura jajajajaj. Gracias Diana!!,@http_bubulubu Qu√© locura jajajajaj. Gracias Diana!!,FALSE,,"<a href=""http://twitter.com/download/iphone"" rel=""nofollow"">Twitter for iPhone</a>",1619832751863271400,1619832751863271424,1135408655086411800,1135408655086411776,http_bubulubu,,,,NA,FALSE,346,30708,FALSE,NA,FALSE,NA,es,NA,NA,52,NA,,NA,NA,,NA,NA,NA,NA,NA,NA,NA,NA,NA,NA
2023-01-29T18:03:04Z,1619758038319259600,1619758038319259648,"EL EVENTO M√ÅS IMPORTANTE DE MI VIDA.

üíô PREMIOS ESLAND SEGUNDA EDICI√ìN EN M√âXICO üíô

https://t.co/hWQuFo1sns https://t.co/2uk1UzyeTY","EL EVENTO M√ÅS IMPORTANTE DE MI VIDA.

üíô PREMIOS ESLAND SEGUNDA EDICI√ìN EN M√âXICO üíô

https://t.co/hWQuFo1sns https://t.co/2uk1UzyeTY",FALSE,,"<a href=""http://twitter.com/download/iphone"" rel=""nofollow"">Twitter for iPhone</a>",NA,NA,NA,NA,NA,,,,NA,FALSE,32678,131726,FALSE,NA,FALSE,NA,es,FALSE,NA,107,NA,,NA,NA,,NA,NA,NA,NA,NA,NA,NA,NA,NA,NA
2023-01-29T17:13:24Z,1619745537246515200,1619745537246515200,üíöü§ç‚ù§Ô∏è https://t.co/XJAssuEeSj,üíöü§ç‚ù§Ô∏è https://t.co/XJAssuEeSj,FALSE,,"<a href=""http://twitter.com/download/iphone"" rel=""nofollow"">Twitter for iPhone</a>",NA,NA,NA,NA,NA,,,,NA,FALSE,2257,58630,FALSE,NA,FALSE,NA,und,FALSE,NA,4,NA,,NA,NA,,NA,NA,NA,NA,NA,NA,NA,NA,NA,NA
2023-01-29T16:02:47Z,1619727766278275e3,1619727766278275072,Lleg√≥ el d√≠a. üíôü´°,Lleg√≥ el d√≠a. üíôü´°,FALSE,,"<a href=""http://twitter.com/download/iphone"" rel=""nofollow"">Twitter for iPhone</a>",NA,NA,NA,NA,NA,,,,NA,FALSE,1491,58130,FALSE,NA,FALSE,NA,es,NA,NA,16,NA,,NA,NA,,NA,NA,NA,NA,NA,NA,NA,NA,NA,NA
2023-01-29T15:40:17Z,1619722104676704300,1619722104676704257,@angie_cr18 üíôüíôü´°,@angie_cr18 üíôüíôü´°,FALSE,,"<a href=""http://twitter.com/download/iphone"" rel=""nofollow"">Twitter for iPhone</a>",161947837193062e4,1619478371930619904,728793388883968e3,728793388883968000,angie_cr18,,,,NA,FALSE,24,6305,FALSE,NA,FALSE,NA,und,NA,NA,15,NA,,NA,NA,,NA,NA,NA,NA,NA,NA,NA,NA,NA,NA
2023-01-29T03:04:39Z,1619531943032545300,1619531943032545281,"Ensayo de los @PremiosESLAND üôèüèª

No sois conscientes, recordad mis palabras. https://t.co/r2SvIJb1Nc","Ensayo de los @PremiosESLAND üôèüèª

No sois conscientes, recordad mis palabras. https://t.co/r2SvIJb1Nc",FALSE,,"<a href=""http://twitter.com/download/iphone"" rel=""nofollow"">Twitter for iPhone</a>",NA,NA,NA,NA,NA,,,,NA,FALSE,755,42710,FALSE,NA,FALSE,NA,es,FALSE,NA,76,NA,,NA,NA,,NA,NA,NA,NA,NA,NA,NA,NA,NA,NA
2023-01-29T03:00:25Z,1619530878782419e3,1619530878782418944,@Chanieswife Qu√© aproveche hermano,@Chanieswife Qu√© aproveche hermano,FALSE,,"<a href=""http://twitter.com/download/iphone"" rel=""nofollow"">Twitter for iPhone</a>",1619526037192454100,1619526037192454146,177396361,177396361,Chanieswife,,,,NA,FALSE,2,51,FALSE,NA,FALSE,NA,es,NA,NA,34,NA,,NA,NA,,NA,NA,NA,NA,NA,NA,NA,NA,NA,NA
2023-01-28T20:54:19Z,1619438746923061200,1619438746923061248,"√öltimo directo antes de los Esland.

https://t.co/hWQuFo1sns","√öltimo directo antes de los Esland.

https://t.co/hWQuFo1sns",FALSE,,"<a href=""http://twitter.com/download/iphone"" rel=""nofollow"">Twitter for iPhone</a>",NA,NA,NA,NA,NA,,,,NA,FALSE,141,3865,FALSE,NA,FALSE,NA,es,FALSE,NA,60,NA,,NA,NA,,NA,NA,NA,NA,NA,NA,NA,NA,NA,NA
2023-01-28T20:39:17Z,1619434963308527600,1619434963308527616,"En menos de 24 horas estaremos viviendo el evento m√°s importante de mi vida.

En menos de 24 horas se celebran los @PremiosESLAND. 

Simplemente os pido una cosa‚Ä¶ Disfrutadlo porque va a ser incre√≠ble.

üíô https://t.co/j70i3k5RrS","En menos de 24 horas estaremos viviendo el evento m√°s importante de mi vida.

En menos de 24 horas se celebran los @PremiosESLAND. 

Simplemente os pido una cosa‚Ä¶ Disfrutadlo porque va a ser incre√≠ble.

üíô https://t.co/j70i3k5RrS",FALSE,,"<a href=""http://twitter.com/download/iphone"" rel=""nofollow"">Twitter for iPhone</a>",NA,NA,NA,NA,NA,,,,NA,FALSE,617,15970,FALSE,NA,FALSE,NA,es,FALSE,NA,204,NA,,NA,NA,,NA,NA,NA,NA,NA,NA,NA,NA,NA,NA
2023-01-28T20:19:45Z,1619430047928180700,1619430047928180736,#VamosHeretics https://t.co/dK8uY3bAor,#VamosHeretics https://t.co/dK8uY3bAor,FALSE,,"<a href=""http://twitter.com/download/iphone"" rel=""nofollow"">Twitter for iPhone</a>",NA,NA,NA,NA,NA,,,,NA,TRUE,64,2358,FALSE,NA,FALSE,NA,qht,FALSE,NA,14,NA,,1619426743479312400,1619426743479312384,,NA,NA,NA,NA,NA,NA,NA,NA,NA,NA
2023-01-28T20:19:28Z,1619429977715544e3,1619429977715544064,@KOI @trymbilol @CUPRA GG üôèüèª,@KOI @trymbilol @CUPRA GG üôèüèª,FALSE,,"<a href=""http://twitter.com/download/iphone"" rel=""nofollow"">Twitter for iPhone</a>",1619426485978407e3,1619426485978406914,145839961222665e4,1458399612226650114,KOI,,,,NA,FALSE,21,3392,FALSE,NA,FALSE,NA,und,NA,NA,28,NA,,NA,NA,,NA,NA,NA,NA,NA,NA,NA,NA,NA,NA
2023-01-28T18:07:37Z,1619396794605256700,1619396794605256704,"NUEVO V√çDEO!!!!!

MI PRIMERA VEZ EN M√âXICO üá≤üáΩü•∞

¬øPuede ser la mejor miniatura de mi canal? Puede ser.

RT y espero que os guste el VLOG üíô https://t.co/zdz354Pbhq https://t.co/4Dm6U5kuXq","NUEVO V√çDEO!!!!!

MI PRIMERA VEZ EN M√âXICO üá≤üáΩü•∞

¬øPuede ser la mejor miniatura de mi canal? Puede ser.

RT y espero que os guste el VLOG üíô https://t.co/zdz354Pbhq https://t.co/4Dm6U5kuXq",FALSE,,"<a href=""http://twitter.com/download/iphone"" rel=""nofollow"">Twitter for iPhone</a>",NA,NA,NA,NA,NA,,,,NA,FALSE,250,7620,FALSE,NA,FALSE,NA,es,FALSE,NA,161,NA,,NA,NA,,NA,NA,NA,NA,NA,NA,NA,NA,NA,NA
2023-01-28T18:05:41Z,1619396308447682600,1619396308447682561,@illojuan Sin palabras,@illojuan Sin palabras,FALSE,,"<a href=""http://twitter.com/download/iphone"" rel=""nofollow"">Twitter for iPhone</a>",1619392793243455500,1619392793243455488,2780429016,2780429016,illojuan,,,,NA,FALSE,134,20883,FALSE,NA,FALSE,NA,es,NA,NA,22,NA,,NA,NA,,NA,NA,NA,NA,NA,NA,NA,NA,NA,NA
2023-01-28T16:47:00Z,1619376505116835800,1619376505116835840,@TeamHeretics @KOI @ebihuryahurya @JankosLoL @LoLRRuby @Jackspektra @MersaLoL VAMOS.,@TeamHeretics @KOI @ebihuryahurya @JankosLoL @LoLRRuby @Jackspektra @MersaLoL VAMOS.,FALSE,,"<a href=""http://twitter.com/download/iphone"" rel=""nofollow"">Twitter for iPhone</a>",1619366760028995600,1619366760028995584,3599155340,3599155340,TeamHeretics,,,,NA,FALSE,20,1638,FALSE,NA,FALSE,NA,es,NA,NA,84,NA,,NA,NA,,NA,NA,NA,NA,NA,NA,NA,NA,NA,NA
2023-01-28T07:16:50Z,1619233019784757200,1619233019784757250,@ariblaas ü´µüèªüíô,@ariblaas ü´µüèªüíô,FALSE,,"<a href=""http://twitter.com/download/iphone"" rel=""nofollow"">Twitter for iPhone</a>",1619232504942313500,1619232504942313472,1321253826058440700,1321253826058440704,ariblaas,,,,NA,FALSE,7,502,FALSE,NA,FALSE,NA,und,NA,NA,13,NA,,NA,NA,,NA,NA,NA,NA,NA,NA,NA,NA,NA,NA
2023-01-28T01:49:54Z,1619150745454153700,1619150745454153729,@IbaiLlanos Por qu√© esta foto parece un edit JAJAJAJAJAJAJ,@IbaiLlanos Por qu√© esta foto parece un edit JAJAJAJAJAJAJ,FALSE,,"<a href=""http://twitter.com/download/iphone"" rel=""nofollow"">Twitter for iPhone</a>",1619127085464952800,1619127085464952832,2754746065,2754746065,IbaiLlanos,,,,NA,FALSE,130,20390,FALSE,NA,FALSE,NA,es,NA,NA,58,NA,,NA,NA,,NA,NA,NA,NA,NA,NA,NA,NA,NA,NA
2023-01-28T01:48:58Z,1619150509193203700,1619150509193203712,@AX0YIN La pusieron a parte calma calma,@AX0YIN La pusieron a parte calma calma,FALSE,,"<a href=""http://twitter.com/download/iphone"" rel=""nofollow"">Twitter for iPhone</a>",1619149914910642200,1619149914910642178,1340126723141218300,1340126723141218310,AX0YIN,,,,NA,FALSE,12,1998,FALSE,NA,FALSE,NA,es,NA,NA,39,NA,,NA,NA,,NA,NA,NA,NA,NA,NA,NA,NA,NA,NA
2023-01-28T01:42:26Z,1619148866460475400,1619148866460475394,"Este es el Grefg taquero, tiene en sus manos unos maravillosos tacos al pastor.

*Dale RT para tener suerte el resto del a√±o* https://t.co/1LhZS1AUyZ","Este es el Grefg taquero, tiene en sus manos unos maravillosos tacos al pastor.

*Dale RT para tener suerte el resto del a√±o* https://t.co/1LhZS1AUyZ",FALSE,,"<a href=""http://twitter.com/download/iphone"" rel=""nofollow"">Twitter for iPhone</a>",NA,NA,NA,NA,NA,,,,NA,FALSE,9435,81187,FALSE,NA,FALSE,NA,es,FALSE,NA,125,NA,,NA,NA,,NA,NA,NA,NA,NA,NA,NA,NA,NA,NA
2023-01-28T00:11:38Z,1619126016173297700,1619126016173297664,@Sr_Chocolat Borra que me vas a traer problemas en Mex,@Sr_Chocolat Borra que me vas a traer problemas en Mex,FALSE,,"<a href=""http://twitter.com/download/iphone"" rel=""nofollow"">Twitter for iPhone</a>",1619046588202254300,1619046588202254339,440311086,440311086,Sr_Chocolat,,,,NA,FALSE,54,11042,FALSE,NA,FALSE,NA,es,NA,NA,54,NA,,NA,NA,,NA,NA,NA,NA,NA,NA,NA,NA,NA,NA
2023-01-27T23:10:00Z,1619110506077339600,1619110506077339649,"Un mexicano haci√©ndose una foto con un espa√±ol encerrado, qui√©n lo dir√≠a amigos. https://t.co/TrZDlcbTcO","Un mexicano haci√©ndose una foto con un espa√±ol encerrado, qui√©n lo dir√≠a amigos. https://t.co/TrZDlcbTcO",FALSE,,"<a href=""http://twitter.com/download/iphone"" rel=""nofollow"">Twitter for iPhone</a>",NA,NA,NA,NA,NA,,,,NA,TRUE,326,21891,FALSE,NA,FALSE,NA,es,FALSE,NA,80,NA,,1619086583654912e3,1619086583654912000,,NA,NA,NA,NA,NA,NA,NA,NA,NA,NA
2023-01-27T22:20:15Z,1619097984364433400,1619097984364433410,"Empiezo a estar nervioso.

üíô @PremiosESLAND üíô https://t.co/QU4EacPQOB","Empiezo a estar nervioso.

üíô @PremiosESLAND üíô https://t.co/QU4EacPQOB",FALSE,,"<a href=""http://twitter.com/download/iphone"" rel=""nofollow"">Twitter for iPhone</a>",NA,NA,NA,NA,NA,,,,NA,FALSE,591,15934,FALSE,NA,FALSE,NA,es,FALSE,NA,45,NA,,NA,NA,,NA,NA,NA,NA,NA,NA,NA,NA,NA,NA
2023-01-27T18:28:55Z,1619039768159072300,1619039768159072256,"Mi primer directo en M√©xico üá≤üáΩü´°

https://t.co/hWQuFo1sns https://t.co/b73co0IrCj","Mi primer directo en M√©xico üá≤üáΩü´°

https://t.co/hWQuFo1sns https://t.co/b73co0IrCj",FALSE,,"<a href=""http://twitter.com/download/iphone"" rel=""nofollow"">Twitter for iPhone</a>",NA,NA,NA,NA,NA,,,,NA,FALSE,360,23002,FALSE,NA,FALSE,NA,es,FALSE,NA,56,NA,,NA,NA,,NA,NA,NA,NA,NA,NA,NA,NA,NA,NA
2023-01-27T18:06:07Z,1619034029604626400,1619034029604626432,@PremiosESLAND @LogitechG ü´°ü´°,@PremiosESLAND @LogitechG ü´°ü´°,FALSE,,"<a href=""http://twitter.com/download/iphone"" rel=""nofollow"">Twitter for iPhone</a>",1.6190317202711839e+18,1619031720271183872,1463843510906413e3,1463843510906413064,PremiosESLAND,,,,NA,FALSE,50,2223,FALSE,NA,FALSE,NA,und,NA,NA,28,NA,,NA,NA,,NA,NA,NA,NA,NA,NA,NA,NA,NA,NA
2023-01-27T17:19:06Z,1619022195744989200,1619022195744989184,@BFrog__ @PremiosESLAND Progr√°mame esta,@BFrog__ @PremiosESLAND Progr√°mame esta,FALSE,,"<a href=""http://twitter.com/download/iphone"" rel=""nofollow"">Twitter for iPhone</a>",1619021562082107400,1619021562082107393,1362092039584809e3,1362092039584808963,BFrog__,,,,NA,FALSE,21,2168,FALSE,NA,FALSE,NA,es,NA,NA,39,NA,,NA,NA,,NA,NA,NA,NA,NA,NA,NA,NA,NA,NA
2023-01-27T17:14:45Z,1619021100977111e3,1619021100977111040,Reuni√≥n para repasar el gui√≥n con el equipo de los @PremiosESLAND üíôü´° https://t.co/YL3kyM9UfP,Reuni√≥n para repasar el gui√≥n con el equipo de los @PremiosESLAND üíôü´° https://t.co/YL3kyM9UfP,FALSE,,"<a href=""http://twitter.com/download/iphone"" rel=""nofollow"">Twitter for iPhone</a>",NA,NA,NA,NA,NA,,,,NA,FALSE,736,54410,FALSE,NA,FALSE,NA,es,FALSE,NA,68,NA,,NA,NA,,NA,NA,NA,NA,NA,NA,NA,NA,NA,NA
2023-01-27T01:33:26Z,1618784212584386600,1618784212584386560,@redbullMEX @redbullbatalla üò≥üò≥,@redbullMEX @redbullbatalla üò≥üò≥,FALSE,,"<a href=""http://twitter.com/download/iphone"" rel=""nofollow"">Twitter for iPhone</a>",1618732596938313700,1618732596938313729,162966403,162966403,redbullMEX,,,,NA,FALSE,15,2901,FALSE,NA,FALSE,NA,und,NA,NA,30,NA,,NA,NA,,NA,NA,NA,NA,NA,NA,NA,NA,NA,NA
2023-01-27T01:12:30Z,1618778943594852400,1618778943594852355,"MI PRIMERA VEZ EN M√âXICO üá≤üáΩüòç

VAMOS CON TODO @PremiosESLAND, TAN SOLO 3 D√çAS üò≠üò≠ https://t.co/CaBEzHeQIW","MI PRIMERA VEZ EN M√âXICO üá≤üáΩüòç

VAMOS CON TODO @PremiosESLAND, TAN SOLO 3 D√çAS üò≠üò≠ https://t.co/CaBEzHeQIW",FALSE,,"<a href=""http://twitter.com/download/iphone"" rel=""nofollow"">Twitter for iPhone</a>",NA,NA,NA,NA,NA,,,,NA,FALSE,3593,100808,FALSE,NA,FALSE,NA,es,FALSE,NA,79,NA,,NA,NA,,NA,NA,NA,NA,NA,NA,NA,NA,NA,NA
2023-01-27T00:03:38Z,1618761611665346600,1618761611665346560,No he dicho nada pero‚Ä¶ üá≤üáΩüôÑ https://t.co/RrLSfEFBCo,No he dicho nada pero‚Ä¶ üá≤üáΩüôÑ https://t.co/RrLSfEFBCo,FALSE,,"<a href=""http://twitter.com/download/iphone"" rel=""nofollow"">Twitter for iPhone</a>",NA,NA,NA,NA,NA,,,,NA,FALSE,1163,92987,FALSE,NA,FALSE,NA,es,FALSE,NA,26,NA,,NA,NA,,NA,NA,NA,NA,NA,NA,NA,NA,NA,NA
2023-01-26T09:30:15Z,1618541817871634400,1618541817871634435,"He decidido hacerme la maleta m√°s random para M√©xico üá≤üáΩüß≥

Pantal√≥n de esqu√≠, gorra Red Bull, espinilleras y maillot de ciclista.

¬øOpini√≥n? https://t.co/aPUqSeZa4X","He decidido hacerme la maleta m√°s random para M√©xico üá≤üáΩüß≥

Pantal√≥n de esqu√≠, gorra Red Bull, espinilleras y maillot de ciclista.

¬øOpini√≥n? https://t.co/aPUqSeZa4X",FALSE,,"<a href=""http://twitter.com/download/iphone"" rel=""nofollow"">Twitter for iPhone</a>",NA,NA,NA,NA,NA,,,,NA,FALSE,132,10001,FALSE,NA,FALSE,NA,es,FALSE,NA,139,NA,,NA,NA,,NA,NA,NA,NA,NA,NA,NA,NA,NA,NA
2023-01-26T01:17:02Z,1618417698354126800,1618417698354126848,@FreeMigueZ @ImAgus51 AJJAJJJAJAJJAJAJAJAJ,@FreeMigueZ @ImAgus51 AJJAJJJAJAJJAJAJAJAJ,FALSE,,"<a href=""https://mobile.twitter.com"" rel=""nofollow"">Twitter Web App</a>",1618392615015317500,1618392615015317504,1005409386012004400,1005409386012004352,FreeMigueZ,,,,NA,FALSE,4,207,FALSE,NA,FALSE,NA,es,NA,NA,42,NA,,NA,NA,,NA,NA,NA,NA,NA,NA,NA,NA,NA,NA
2023-01-26T01:06:49Z,1618415127010906e3,1618415127010906112,@MrJaviiY No preguntes,@MrJaviiY No preguntes,FALSE,,"<a href=""https://mobile.twitter.com"" rel=""nofollow"">Twitter Web App</a>",16184134790982e5,1618413479098200065,4290641561,4290641561,MrJaviiY,,,,NA,FALSE,5,884,FALSE,NA,FALSE,NA,es,NA,NA,22,NA,,NA,NA,,NA,NA,NA,NA,NA,NA,NA,NA,NA,NA
2023-01-25T21:58:15Z,1618367673087451100,1618367673087451136,@IbaiLlanos @Tortilla_Land https://t.co/6GPULlvfHj,@IbaiLlanos @Tortilla_Land https://t.co/6GPULlvfHj,FALSE,,"<a href=""https://mobile.twitter.com"" rel=""nofollow"">Twitter Web App</a>",1618363070816063500,1618363070816063492,2754746065,2754746065,IbaiLlanos,,,,NA,FALSE,144,14482,FALSE,NA,FALSE,NA,qme,FALSE,NA,26,NA,,NA,NA,,NA,NA,NA,NA,NA,NA,NA,NA,NA,NA
2023-01-25T21:37:47Z,1618362519978119200,1618362519978119169,@Shadoune666 üôè,@Shadoune666 üôè,FALSE,,"<a href=""https://mobile.twitter.com"" rel=""nofollow"">Twitter Web App</a>",1618359062474936300,1618359062474936322,743896424,743896424,Shadoune666,,,,NA,FALSE,26,3686,FALSE,NA,FALSE,NA,und,NA,NA,14,NA,,NA,NA,,NA,NA,NA,NA,NA,NA,NA,NA,NA,NA
2023-01-25T21:33:32Z,1618361453412765700,1618361453412765697,"Nos vamos de esta serie con un PVP contra el novato jugador de Minecraft @SpreenDMC 

Le hice creer que iba en serio, en realidad me vino bien porque ya mismo me voy para M√©xico, nos vemos en los Esland hijo de puta https://t.co/6BHRyEdqhI","Nos vamos de esta serie con un PVP contra el novato jugador de Minecraft @SpreenDMC 

Le hice creer que iba en serio, en realidad me vino bien porque ya mismo me voy para M√©xico, nos vemos en los Esland hijo de puta https://t.co/6BHRyEdqhI",FALSE,,"<a href=""https://mobile.twitter.com"" rel=""nofollow"">Twitter Web App</a>",NA,NA,NA,NA,NA,,,,NA,TRUE,286,14537,FALSE,NA,FALSE,NA,es,FALSE,NA,215,NA,,1618355873444921300,1618355873444921347,,NA,NA,NA,NA,NA,NA,NA,NA,NA,NA
2023-01-25T19:16:28Z,1618326960052273200,1618326960052273152,@SpreenDMC @PremiosESLAND @lolaindigomusic @jhaycortez A casa pete,@SpreenDMC @PremiosESLAND @lolaindigomusic @jhaycortez A casa pete,FALSE,,"<a href=""https://mobile.twitter.com"" rel=""nofollow"">Twitter Web App</a>",1618324534167474200,1618324534167474177,1004392807522553900,1004392807522553856,SpreenDMC,,,,NA,FALSE,47,7744,FALSE,NA,FALSE,NA,es,NA,NA,66,NA,,NA,NA,,NA,NA,NA,NA,NA,NA,NA,NA,NA,NA
2023-01-25T19:04:26Z,1618323929357246500,1618323929357246464,"¬°No sab√©is la ilusi√≥n que me hace confirmar los artistas para la gala de los @PremiosESLAND!

üé§ @lolaindigomusic &amp; @jhaycortez üé§

Este domingo tenemos una cita. Va a ser incre√≠ble. üíô https://t.co/nHThwa333f","¬°No sab√©is la ilusi√≥n que me hace confirmar los artistas para la gala de los @PremiosESLAND!

üé§ @lolaindigomusic &amp; @jhaycortez üé§

Este domingo tenemos una cita. Va a ser incre√≠ble. üíô https://t.co/nHThwa333f",FALSE,,"<a href=""https://mobile.twitter.com"" rel=""nofollow"">Twitter Web App</a>",NA,NA,NA,NA,NA,,,,NA,FALSE,1590,46765,FALSE,NA,FALSE,NA,es,FALSE,NA,186,NA,,NA,NA,,NA,NA,NA,NA,NA,NA,NA,NA,NA,NA
2023-01-25T18:32:10Z,161831580801869e4,1618315808018690051,"¬°EN DIRECTO!

üíô ANUNCIANDO LOS ARTISTAS DE LOS ESLAND üíô

üü• √öLTIMA VIDA MINECRAFT EXTREMO üü•

ME VOY A M√âXICO üëãüèªüá≤üáΩ https://t.co/hWQuFo1sns https://t.co/pvtVZpQkyu","¬°EN DIRECTO!

üíô ANUNCIANDO LOS ARTISTAS DE LOS ESLAND üíô

üü• √öLTIMA VIDA MINECRAFT EXTREMO üü•

ME VOY A M√âXICO üëãüèªüá≤üáΩ https://t.co/hWQuFo1sns https://t.co/pvtVZpQkyu",FALSE,,"<a href=""https://mobile.twitter.com"" rel=""nofollow"">Twitter Web App</a>",NA,NA,NA,NA,NA,,,,NA,FALSE,147,3843,FALSE,NA,FALSE,NA,es,FALSE,NA,136,NA,,NA,NA,,NA,NA,NA,NA,NA,NA,NA,NA,NA,NA
2023-01-25T16:33:32Z,1618285956091777e3,1618285956091777027,@Pauval18 @PremiosESLAND Obviamente no,@Pauval18 @PremiosESLAND Obviamente no,FALSE,,"<a href=""http://twitter.com/download/iphone"" rel=""nofollow"">Twitter for iPhone</a>",1.6182779246539039e+18,1618277924653903873,1198631247649661e3,1198631247649660928,Pauval18,,,,NA,FALSE,12,2490,FALSE,NA,FALSE,NA,es,NA,NA,38,NA,,NA,NA,,NA,NA,NA,NA,NA,NA,NA,NA,NA,NA
2023-01-25T15:59:33Z,1618277402819559400,1618277402819559425,Hace un buen d√≠a para confirmar los artistas que vendr√°n a los @PremiosESLAND üíôüôÑ,Hace un buen d√≠a para confirmar los artistas que vendr√°n a los @PremiosESLAND üíôüôÑ,FALSE,,"<a href=""https://mobile.twitter.com"" rel=""nofollow"">Twitter Web App</a>",NA,NA,NA,NA,NA,,,,NA,FALSE,263,23328,FALSE,NA,FALSE,NA,es,NA,NA,80,NA,,NA,NA,,NA,NA,NA,NA,NA,NA,NA,NA,NA,NA
2023-01-25T03:23:43Z,1.6180871886501601e+18,1618087188650160128,@elmarianaa *Apoyad este tuit si quer√©is que venga como la foto*,@elmarianaa *Apoyad este tuit si quer√©is que venga como la foto*,FALSE,,"<a href=""https://mobile.twitter.com"" rel=""nofollow"">Twitter Web App</a>",1618043273523925e3,1618043273523924994,1303576011716595700,1303576011716595712,elmarianaa,,,,NA,FALSE,174,14234,FALSE,NA,FALSE,NA,es,NA,NA,64,NA,,NA,NA,,NA,NA,NA,NA,NA,NA,NA,NA,NA,NA
2023-01-25T03:20:59Z,1618086501954486300,1618086501954486272,Minecraft Extremo ü§üüèª https://t.co/1Y1iBGvG0h,Minecraft Extremo ü§üüèª https://t.co/1Y1iBGvG0h,FALSE,,"<a href=""https://mobile.twitter.com"" rel=""nofollow"">Twitter Web App</a>",NA,NA,NA,NA,NA,,,,NA,TRUE,90,4033,FALSE,NA,FALSE,NA,es,FALSE,NA,20,NA,,1618012158658478e3,1618012158658478080,,NA,NA,NA,NA,NA,NA,NA,NA,NA,NA
2023-01-24T17:25:59Z,1617936764777422800,1617936764777422849,"üü• √öLTIMA VIDA MINECRAFT EXTREMO üü•

https://t.co/hWQuFo1sns https://t.co/vhQyLK8JKV","üü• √öLTIMA VIDA MINECRAFT EXTREMO üü•

https://t.co/hWQuFo1sns https://t.co/vhQyLK8JKV",FALSE,,"<a href=""https://mobile.twitter.com"" rel=""nofollow"">Twitter Web App</a>",NA,NA,NA,NA,NA,,,,NA,FALSE,63,1887,FALSE,NA,FALSE,NA,es,FALSE,NA,58,NA,,NA,NA,,NA,NA,NA,NA,NA,NA,NA,NA,NA,NA
2023-01-24T17:01:28Z,1617930596881428500,1617930596881428480,"5 d√≠as.

üíô @PremiosESLAND üíô https://t.co/aGN7lB6z1p","5 d√≠as.

üíô @PremiosESLAND üíô https://t.co/aGN7lB6z1p",FALSE,,"<a href=""http://twitter.com/download/iphone"" rel=""nofollow"">Twitter for iPhone</a>",NA,NA,NA,NA,NA,,,,NA,FALSE,427,10179,FALSE,NA,FALSE,NA,es,FALSE,NA,27,NA,,NA,NA,,NA,NA,NA,NA,NA,NA,NA,NA,NA,NA
2023-01-24T13:05:26Z,1617871198251282400,1617871198251282432,@Jackspektra JackSPERMA,@Jackspektra JackSPERMA,FALSE,,"<a href=""http://twitter.com/download/iphone"" rel=""nofollow"">Twitter for iPhone</a>",1617847394707853300,1617847394707853313,375634909,375634909,Jackspektra,,,,NA,FALSE,5,418,FALSE,NA,FALSE,NA,tl,NA,NA,23,NA,,NA,NA,,NA,NA,NA,NA,NA,NA,NA,NA,NA,NA
2023-01-24T13:04:54Z,1617871062867513300,1617871062867513345,üíÄ https://t.co/DWiOTesiF5,üíÄ https://t.co/DWiOTesiF5,FALSE,,"<a href=""http://twitter.com/download/iphone"" rel=""nofollow"">Twitter for iPhone</a>",NA,NA,NA,NA,NA,,,,NA,TRUE,986,58632,FALSE,NA,FALSE,NA,art,FALSE,NA,1,NA,,1616374657481068500,1616374657481068544,,NA,NA,NA,NA,NA,NA,NA,NA,NA,NA
2023-01-24T01:36:33Z,1617697832752017400,1617697832752017408,@monicaa_mqz aj√±lksdfj√±lasdf,@monicaa_mqz aj√±lksdfj√±lasdf,FALSE,,"<a href=""https://mobile.twitter.com"" rel=""nofollow"">Twitter Web App</a>",1617696182360477700,1617696182360477698,1434555834042921e3,1434555834042920962,monicaa_mqz,,,,NA,FALSE,9,660,FALSE,NA,FALSE,NA,tr,NA,NA,28,NA,,NA,NA,,NA,NA,NA,NA,NA,NA,NA,NA,NA,NA
2023-01-24T01:29:24Z,1617696034888773600,1617696034888773632,Buenas noches. https://t.co/FNfQATKmMx,Buenas noches. https://t.co/FNfQATKmMx,FALSE,,"<a href=""https://mobile.twitter.com"" rel=""nofollow"">Twitter Web App</a>",NA,NA,NA,NA,NA,,,,NA,FALSE,414,20922,FALSE,NA,FALSE,NA,es,FALSE,NA,14,NA,,NA,NA,,NA,NA,NA,NA,NA,NA,NA,NA,NA,NA
2023-01-23T23:58:58Z,1617673274544255e3,1617673274544254977,co√±a? https://t.co/FQhC5TE1zq,co√±a? https://t.co/FQhC5TE1zq,FALSE,,"<a href=""https://mobile.twitter.com"" rel=""nofollow"">Twitter Web App</a>",NA,NA,NA,NA,NA,,,,NA,TRUE,91,4446,FALSE,NA,FALSE,NA,es,FALSE,NA,5,NA,,1617634598950965200,1617634598950965248,,NA,NA,NA,NA,NA,NA,NA,NA,NA,NA
2023-01-23T23:56:17Z,1617672602314772500,1617672602314772482,@Rickyexp hostia,@Rickyexp hostia,FALSE,,"<a href=""https://mobile.twitter.com"" rel=""nofollow"">Twitter Web App</a>",161767194504636e4,1617671945046360065,232991719,232991719,Rickyexp,,,,NA,FALSE,1,173,FALSE,NA,FALSE,NA,en,NA,NA,16,NA,,NA,NA,,NA,NA,NA,NA,NA,NA,NA,NA,NA,NA
2023-01-23T18:34:24Z,1617591595133730800,1617591595133730816,"¬°EN DIRECTO!

üü• √öLTIMA VIDA MINECRAFT EXTREMO üü•

üéôÔ∏è CHARLA KINGS LEAGUE CON LOS PRESIS üéôÔ∏è

https://t.co/hWQuFo1sns","¬°EN DIRECTO!

üü• √öLTIMA VIDA MINECRAFT EXTREMO üü•

üéôÔ∏è CHARLA KINGS LEAGUE CON LOS PRESIS üéôÔ∏è

https://t.co/hWQuFo1sns",FALSE,,"<a href=""https://mobile.twitter.com"" rel=""nofollow"">Twitter Web App</a>",NA,NA,NA,NA,NA,,,,NA,FALSE,57,811,FALSE,NA,FALSE,NA,es,FALSE,NA,114,NA,,NA,NA,,NA,NA,NA,NA,NA,NA,NA,NA,NA,NA
2023-01-23T17:56:11Z,1617581978894864400,1617581978894864384,@Roiereal Perfecto,@Roiereal Perfecto,FALSE,,"<a href=""https://mobile.twitter.com"" rel=""nofollow"">Twitter Web App</a>",1617562519844929500,1617562519844929538,278778899,278778899,Roiereal,,,,NA,FALSE,15,2509,FALSE,NA,FALSE,NA,es,NA,NA,18,NA,,NA,NA,,NA,NA,NA,NA,NA,NA,NA,NA,NA,NA
2023-01-23T17:54:32Z,1617581564958998500,1617581564958998528,Nil Ojeda es actualmente el mejor streamer de la plataforma de Twitch y quien diga lo contrario tiene raz√≥n. https://t.co/zp6C7LepJp,Nil Ojeda es actualmente el mejor streamer de la plataforma de Twitch y quien diga lo contrario tiene raz√≥n. https://t.co/zp6C7LepJp,FALSE,,"<a href=""https://mobile.twitter.com"" rel=""nofollow"">Twitter Web App</a>",NA,NA,NA,NA,NA,,,,NA,TRUE,356,12056,FALSE,NA,FALSE,NA,es,FALSE,NA,108,NA,,1617553625991217200,1617553625991217152,,NA,NA,NA,NA,NA,NA,NA,NA,NA,NA
2023-01-23T17:07:26Z,161756971076941e4,1617569710769410048,"Estoy por aqu√≠ buscando la segunda victoria de @TeamHeretics en la LEC.

üíõ https://t.co/LGFUQu5dh4","Estoy por aqu√≠ buscando la segunda victoria de @TeamHeretics en la LEC.

üíõ https://t.co/LGFUQu5dh4",FALSE,,"<a href=""https://mobile.twitter.com"" rel=""nofollow"">Twitter Web App</a>",NA,NA,NA,NA,NA,,,,NA,FALSE,40,805,FALSE,NA,FALSE,NA,es,FALSE,NA,98,NA,,NA,NA,,NA,NA,NA,NA,NA,NA,NA,NA,NA,NA
2023-01-23T16:14:54Z,161755649103625e4,1617556491036250123,"La cara

La cara de alguien que ha ido al m√©dico y le ha dicho que tiene gastroenteritis. No tengo hambre, meo por el culo y he perdido 3kg.

Este domingo son los Esland y esto no me va a evitar dar el 100% y comerme 50 tacos al pastor en M√©xico.

üá≤üáΩüí™üèª https://t.co/K9WjgqCEFq","La cara

La cara de alguien que ha ido al m√©dico y le ha dicho que tiene gastroenteritis. No tengo hambre, meo por el culo y he perdido 3kg.

Este domingo son los Esland y esto no me va a evitar dar el 100% y comerme 50 tacos al pastor en M√©xico.

üá≤üáΩüí™üèª https://t.co/K9WjgqCEFq",FALSE,,"<a href=""http://twitter.com/download/iphone"" rel=""nofollow"">Twitter for iPhone</a>",NA,NA,NA,NA,NA,,,,NA,FALSE,366,25653,FALSE,NA,FALSE,NA,es,FALSE,NA,252,NA,,NA,NA,,NA,NA,NA,NA,NA,NA,NA,NA,NA,NA
2023-01-22T22:22:55Z,1617286718121443300,1617286718121443328,"Dejo esto por aqu√≠ y me voy a la puta cama. 

https://t.co/XCWDLu1MLK https://t.co/mhwJHuiwv4","Dejo esto por aqu√≠ y me voy a la puta cama. 

https://t.co/XCWDLu1MLK https://t.co/mhwJHuiwv4",FALSE,,"<a href=""http://twitter.com/download/iphone"" rel=""nofollow"">Twitter for iPhone</a>",NA,NA,NA,NA,NA,,,,NA,FALSE,69,2892,FALSE,NA,FALSE,NA,es,FALSE,NA,69,NA,,NA,NA,,NA,NA,NA,NA,NA,NA,NA,NA,NA,NA
2023-01-22T21:44:59Z,1617277168332963800,1617277168332963842,https://t.co/qiba6iWgtt https://t.co/XPqQgHbp4L,https://t.co/qiba6iWgtt https://t.co/XPqQgHbp4L,FALSE,,"<a href=""https://mobile.twitter.com"" rel=""nofollow"">Twitter Web App</a>",NA,NA,NA,NA,NA,,,,NA,TRUE,117,8462,FALSE,NA,FALSE,NA,zxx,FALSE,NA,23,NA,,1617251873941262300,1617251873941262337,,NA,NA,NA,NA,NA,NA,NA,NA,NA,NA
2023-01-22T21:43:52Z,1617276887620882400,1617276887620882435,@Tortilla_Land nooooooooo,@Tortilla_Land nooooooooo,FALSE,,"<a href=""https://mobile.twitter.com"" rel=""nofollow"">Twitter Web App</a>",1617272003458924500,1617272003458924544,1404546174833549300,1404546174833549314,Tortilla_Land,,,,NA,FALSE,29,2538,FALSE,NA,FALSE,NA,und,NA,NA,25,NA,,NA,NA,,NA,NA,NA,NA,NA,NA,NA,NA,NA,NA
2023-01-22T21:18:36Z,1617270531988033500,1617270531988033537,"Hoy m√°s que nunca.

@TeamHeretics üíõ
@Saiyans_FC_ üíô

En las buenas y en las malas.","Hoy m√°s que nunca.

@TeamHeretics üíõ
@Saiyans_FC_ üíô

En las buenas y en las malas.",FALSE,,"<a href=""http://twitter.com/download/iphone"" rel=""nofollow"">Twitter for iPhone</a>",NA,NA,NA,NA,NA,,,,NA,FALSE,66,2266,FALSE,NA,FALSE,NA,es,NA,NA,81,NA,,NA,NA,,NA,NA,NA,NA,NA,NA,NA,NA,NA,NA
2023-01-22T20:09:40Z,1617253181284843500,1617253181284843521,D√≠a jodido.,D√≠a jodido.,FALSE,,"<a href=""https://mobile.twitter.com"" rel=""nofollow"">Twitter Web App</a>",NA,NA,NA,NA,NA,,,,NA,FALSE,455,14344,FALSE,NA,FALSE,NA,es,NA,NA,11,NA,,NA,NA,,NA,NA,NA,NA,NA,NA,NA,NA,NA,NA
2023-01-22T18:34:27Z,1617229219569754e3,1617229219569754113,"¬°EN DIRECTO!

üî• SAIYANS VS ANIQUILADORES üí™üèª KINGS LEAGUE JORNADA 4 #VAMOSSAIYANS ‚öΩ 

¬°1 SEMANA PARA LOS ESLAND EN M√âXICO! üíô

RT SE AGRADECE!! üî¥ https://t.co/hWQuFo0UxU https://t.co/bLXRppAjar","¬°EN DIRECTO!

üî• SAIYANS VS ANIQUILADORES üí™üèª KINGS LEAGUE JORNADA 4 #VAMOSSAIYANS ‚öΩ 

¬°1 SEMANA PARA LOS ESLAND EN M√âXICO! üíô

RT SE AGRADECE!! üî¥ https://t.co/hWQuFo0UxU https://t.co/bLXRppAjar",FALSE,,"<a href=""https://mobile.twitter.com"" rel=""nofollow"">Twitter Web App</a>",NA,NA,NA,NA,NA,,,,NA,FALSE,84,986,FALSE,NA,FALSE,NA,es,FALSE,NA,167,NA,,NA,NA,,NA,NA,NA,NA,NA,NA,NA,NA,NA,NA
2023-01-22T16:55:41Z,1617204365407785e3,1617204365407784960,@inyustificado Mucha fuerza Yuste üíô,@inyustificado Mucha fuerza Yuste üíô,FALSE,,"<a href=""http://twitter.com/download/iphone"" rel=""nofollow"">Twitter for iPhone</a>",1617199873920585700,1617199873920585728,186761457,186761457,inyustificado,,,,NA,FALSE,3,634,FALSE,NA,FALSE,NA,es,NA,NA,35,NA,,NA,NA,,NA,NA,NA,NA,NA,NA,NA,NA,NA,NA
2023-01-22T16:34:46Z,1617199101216542700,1617199101216542720,"Hoy a las 20:00 juega @TeamHeretics la LEC y @Saiyans_FC_ la Kings League AL MISMO TIEMPO.

Mira que me gusta la competici√≥n y la disfruto pero me va a dar un puto infarto.

Preparen su apoyo y amor ü´µüèªüî•üíô https://t.co/gShEyurqDg","Hoy a las 20:00 juega @TeamHeretics la LEC y @Saiyans_FC_ la Kings League AL MISMO TIEMPO.

Mira que me gusta la competici√≥n y la disfruto pero me va a dar un puto infarto.

Preparen su apoyo y amor ü´µüèªüî•üíô https://t.co/gShEyurqDg",FALSE,,"<a href=""http://twitter.com/download/iphone"" rel=""nofollow"">Twitter for iPhone</a>",NA,NA,NA,NA,NA,,,,NA,FALSE,65,1574,FALSE,NA,FALSE,NA,es,FALSE,NA,203,NA,,NA,NA,,NA,NA,NA,NA,NA,NA,NA,NA,NA,NA
2023-01-22T13:37:50Z,1.6171545757185761e+18,1617154575718576129,@ancude Jajaajjaja üëÄ,@ancude Jajaajjaja üëÄ,FALSE,,"<a href=""http://twitter.com/download/iphone"" rel=""nofollow"">Twitter for iPhone</a>",1.6171524919799521e+18,1617152491979952130,2202741,2202741,ancude,,,,NA,FALSE,3,305,FALSE,NA,FALSE,NA,es,NA,NA,20,NA,,NA,NA,,NA,NA,NA,NA,NA,NA,NA,NA,NA,NA
2023-01-22T01:07:09Z,1616965657123250200,1616965657123250176,@SCIFran22 @DjMaRiiO @Kim_Mikka_ Kings League,@SCIFran22 @DjMaRiiO @Kim_Mikka_ Kings League,FALSE,,"<a href=""http://twitter.com/download/iphone"" rel=""nofollow"">Twitter for iPhone</a>",1616965136539070500,1616965136539070465,1565906137215639600,1565906137215639552,SCIFran22,,,,NA,FALSE,2,115,FALSE,NA,FALSE,NA,en,NA,NA,45,NA,,NA,NA,,NA,NA,NA,NA,NA,NA,NA,NA,NA,NA
2023-01-21T22:43:20Z,1616929465627541500,1616929465627541506,@Tortilla_Land @SpreenDMC https://t.co/bMK8jNq0Ay,@Tortilla_Land @SpreenDMC https://t.co/bMK8jNq0Ay,FALSE,,"<a href=""http://twitter.com/download/iphone"" rel=""nofollow"">Twitter for iPhone</a>",1616925183758958600,1616925183758958602,1404546174833549300,1404546174833549314,Tortilla_Land,,,,NA,FALSE,312,21148,FALSE,NA,FALSE,NA,qme,FALSE,NA,25,NA,,NA,NA,,NA,NA,NA,NA,NA,NA,NA,NA,NA,NA
2023-01-21T21:27:24Z,1616910357498404900,1616910357498404864,"Mucha suerte a todos y gracias por votar üíô

Es surrealista que quede 1 semana, estoy muy nervioso y emocionado por que ve√°is materializado todo el esfuerzo que hay detr√°s de este proyecto. https://t.co/orDLAjwZd7","Mucha suerte a todos y gracias por votar üíô

Es surrealista que quede 1 semana, estoy muy nervioso y emocionado por que ve√°is materializado todo el esfuerzo que hay detr√°s de este proyecto. https://t.co/orDLAjwZd7",FALSE,,"<a href=""http://twitter.com/download/iphone"" rel=""nofollow"">Twitter for iPhone</a>",NA,NA,NA,NA,NA,,,,NA,TRUE,76,1909,FALSE,NA,FALSE,NA,es,FALSE,NA,188,NA,,1616838089657446400,1616838089657446402,,NA,NA,NA,NA,NA,NA,NA,NA,NA,NA
2023-01-21T20:44:33Z,1616899574790070300,1616899574790070276,"VAMOS

Primera victoria de @TeamHeretics en nuestro debut en la LEC ü•π","VAMOS

Primera victoria de @TeamHeretics en nuestro debut en la LEC ü•π",FALSE,,"<a href=""http://twitter.com/download/iphone"" rel=""nofollow"">Twitter for iPhone</a>",NA,NA,NA,NA,NA,,,,NA,FALSE,67,3032,FALSE,NA,FALSE,NA,es,NA,NA,69,NA,,NA,NA,,NA,NA,NA,NA,NA,NA,NA,NA,NA,NA
2023-01-21T19:58:44Z,1616888041464799200,1616888041464799232,@PalmaAntonioDX @ImAgus51 @ItsVicens @Ampeterby7 Jajajajajaj,@PalmaAntonioDX @ImAgus51 @ItsVicens @Ampeterby7 Jajajajajaj,FALSE,,"<a href=""http://twitter.com/download/iphone"" rel=""nofollow"">Twitter for iPhone</a>",1616855481695506400,1616855481695506442,1441113476659695600,1441113476659695621,PalmaAntonioDX,,,,NA,FALSE,0,11,FALSE,NA,FALSE,NA,es,NA,NA,60,NA,,NA,NA,,NA,NA,NA,NA,NA,NA,NA,NA,NA,NA
2023-01-21T19:57:52Z,1616887825852498e3,1616887825852497920,"NUESTRO DEBUT EN LA LEC @TeamHeretics 

Todos dentro #VamosHeretics 

https://t.co/LGFUQu5dh4","NUESTRO DEBUT EN LA LEC @TeamHeretics 

Todos dentro #VamosHeretics 

https://t.co/LGFUQu5dh4",FALSE,,"<a href=""http://twitter.com/download/iphone"" rel=""nofollow"">Twitter for iPhone</a>",NA,NA,NA,NA,NA,,,,NA,FALSE,46,837,FALSE,NA,FALSE,NA,es,FALSE,NA,93,NA,,NA,NA,,NA,NA,NA,NA,NA,NA,NA,NA,NA,NA
2023-01-21T17:26:17Z,161684967678686e4,1616849676786860033,Creo que me voy a quedar toda la tarde observando este paisaje mientras veo directos de Minecraft Extremo y me chupo la LEC. A tomar por culo üëçüèª https://t.co/9WxnfMNzfE,Creo que me voy a quedar toda la tarde observando este paisaje mientras veo directos de Minecraft Extremo y me chupo la LEC. A tomar por culo üëçüèª https://t.co/9WxnfMNzfE,FALSE,,"<a href=""http://twitter.com/download/iphone"" rel=""nofollow"">Twitter for iPhone</a>",NA,NA,NA,NA,NA,,,,NA,FALSE,81,4401,FALSE,NA,FALSE,NA,es,FALSE,NA,144,NA,,NA,NA,,NA,NA,NA,NA,NA,NA,NA,NA,NA,NA
2023-01-21T17:06:23Z,1616844669672984600,1616844669672984576,@imantadotv üôÑüôÑ,@imantadotv üôÑüôÑ,FALSE,,"<a href=""http://twitter.com/download/iphone"" rel=""nofollow"">Twitter for iPhone</a>",1616844088371814400,1616844088371814403,1241073457321869300,1241073457321869312,imantadotv,,,,NA,FALSE,7,653,FALSE,NA,FALSE,NA,und,NA,NA,14,NA,,NA,NA,,NA,NA,NA,NA,NA,NA,NA,NA,NA,NA
2023-01-21T16:46:54Z,1616839768456966100,1616839768456966144,@Tortilla_Land @MarkiLokurasY QU√â,@Tortilla_Land @MarkiLokurasY QU√â,FALSE,,"<a href=""http://twitter.com/download/iphone"" rel=""nofollow"">Twitter for iPhone</a>",1616837036668846e3,1616837036668846089,1404546174833549300,1404546174833549314,Tortilla_Land,,,,NA,FALSE,22,2336,FALSE,NA,FALSE,NA,und,NA,NA,33,NA,,NA,NA,,NA,NA,NA,NA,NA,NA,NA,NA,NA,NA
2023-01-21T16:05:04Z,1616829240434954200,1616829240434954242,Tengo fr√≠o.,Tengo fr√≠o.,FALSE,,"<a href=""http://twitter.com/download/iphone"" rel=""nofollow"">Twitter for iPhone</a>",NA,NA,NA,NA,NA,,,,NA,FALSE,251,9237,FALSE,NA,FALSE,NA,es,NA,NA,11,NA,,NA,NA,,NA,NA,NA,NA,NA,NA,NA,NA,NA,NA
2023-01-21T12:35:05Z,1616776396315005e3,1616776396315004932,@RoblessGG1 @HawkersCo Gracias tituuuu üòòüòò,@RoblessGG1 @HawkersCo Gracias tituuuu üòòüòò,FALSE,,"<a href=""http://twitter.com/download/iphone"" rel=""nofollow"">Twitter for iPhone</a>",1616763112975130600,1616763112975130624,377024789,377024789,RoblessGG1,,,,NA,FALSE,1,231,FALSE,NA,FALSE,NA,es,NA,NA,41,NA,,NA,NA,,NA,NA,NA,NA,NA,NA,NA,NA,NA,NA
2023-01-21T00:56:37Z,1616600621448142800,1616600621448142848,@Tortilla_Land @Shadoune666 Co√±a,@Tortilla_Land @Shadoune666 Co√±a,FALSE,,"<a href=""http://twitter.com/download/iphone"" rel=""nofollow"">Twitter for iPhone</a>",1616599365212332e3,1616599365212332034,1404546174833549300,1404546174833549314,Tortilla_Land,,,,NA,FALSE,25,3163,FALSE,NA,FALSE,NA,es,NA,NA,32,NA,,NA,NA,,NA,NA,NA,NA,NA,NA,NA,NA,NA,NA
2023-01-21T00:52:48Z,1616599660155609e3,1616599660155609088,@OllieGamerz De nada guapo,@OllieGamerz De nada guapo,FALSE,,"<a href=""http://twitter.com/download/iphone"" rel=""nofollow"">Twitter for iPhone</a>",1616589512062140400,1616589512062140416,408315822,408315822,OllieGamerz,,,,NA,FALSE,7,701,FALSE,NA,FALSE,NA,es,NA,NA,26,NA,,NA,NA,,NA,NA,NA,NA,NA,NA,NA,NA,NA,NA
2023-01-20T23:12:06Z,1616574319513211e3,1616574319513210882,@Tortilla_Land @polispol La verdad no sab√≠a que Pol pod√≠a gritar tanto,@Tortilla_Land @polispol La verdad no sab√≠a que Pol pod√≠a gritar tanto,FALSE,,"<a href=""http://twitter.com/download/iphone"" rel=""nofollow"">Twitter for iPhone</a>",1616570468890296300,1616570468890296324,1404546174833549300,1404546174833549314,Tortilla_Land,,,,NA,FALSE,62,7416,FALSE,NA,FALSE,NA,es,NA,NA,70,NA,,NA,NA,,NA,NA,NA,NA,NA,NA,NA,NA,NA,NA
2023-01-20T22:41:47Z,1616566689763582e3,1616566689763581952,C√ìMO? https://t.co/mEinSCZOZy,C√ìMO? https://t.co/mEinSCZOZy,FALSE,,"<a href=""https://mobile.twitter.com"" rel=""nofollow"">Twitter Web App</a>",NA,NA,NA,NA,NA,,,,NA,TRUE,83,4571,FALSE,NA,FALSE,NA,es,FALSE,NA,5,NA,,1616563735300300800,1616563735300300802,,NA,NA,NA,NA,NA,NA,NA,NA,NA,NA
2023-01-20T22:41:41Z,1616566661783453700,1616566661783453698,@JuanpaZurita ü´£,@JuanpaZurita ü´£,FALSE,,"<a href=""https://mobile.twitter.com"" rel=""nofollow"">Twitter Web App</a>",1616563735300300800,1616563735300300802,253755500,253755500,JuanpaZurita,,,,NA,FALSE,26,3027,FALSE,NA,FALSE,NA,und,NA,NA,15,NA,,NA,NA,,NA,NA,NA,NA,NA,NA,NA,NA,NA,NA
2023-01-20T22:34:11Z,1616564776460603400,1616564776460603393,@Shadoune666 Franc√©s ten√≠a que ser ü§ë,@Shadoune666 Franc√©s ten√≠a que ser ü§ë,FALSE,,"<a href=""https://mobile.twitter.com"" rel=""nofollow"">Twitter Web App</a>",1616556350498111500,1616556350498111489,743896424,743896424,Shadoune666,,,,NA,FALSE,17,2940,FALSE,NA,FALSE,NA,es,NA,NA,36,NA,,NA,NA,,NA,NA,NA,NA,NA,NA,NA,NA,NA,NA
2023-01-20T22:33:16Z,161656454531251e4,1616564545312509953,@fcandorra @KingsLeague Oye que en esta foto me estoy tocando los cojones ajslkdfjal√±sdf,@fcandorra @KingsLeague Oye que en esta foto me estoy tocando los cojones ajslkdfjal√±sdf,FALSE,,"<a href=""https://mobile.twitter.com"" rel=""nofollow"">Twitter Web App</a>",1616518929391968300,1616518929391968256,796571749,796571749,fcandorra,,,,NA,FALSE,14,2373,FALSE,NA,FALSE,NA,es,NA,NA,88,NA,,NA,NA,,NA,NA,NA,NA,NA,NA,NA,NA,NA,NA
2023-01-20T17:53:07Z,1616494043126501400,1616494043126501385,"¬°EN DIRECTO!

- S√∫per sorpresa Kings League con los presis
- √öLTIMA VIDA Minecraft Extremo

RT y disfrutad üü•ü§öüèª https://t.co/hWQuFo0UxU https://t.co/fKUHQhHCD2","¬°EN DIRECTO!

- S√∫per sorpresa Kings League con los presis
- √öLTIMA VIDA Minecraft Extremo

RT y disfrutad üü•ü§öüèª https://t.co/hWQuFo0UxU https://t.co/fKUHQhHCD2",FALSE,,"<a href=""https://mobile.twitter.com"" rel=""nofollow"">Twitter Web App</a>",NA,NA,NA,NA,NA,,,,NA,FALSE,66,1543,FALSE,NA,FALSE,NA,es,FALSE,NA,134,NA,,NA,NA,,NA,NA,NA,NA,NA,NA,NA,NA,NA,NA
2023-01-20T17:27:24Z,1616487571336331300,1616487571336331278,Vas a esquiar y se te presenta @Ampeterby7 as√≠ enfrente tuyo. ¬øQu√© haces? üòè https://t.co/98AKF94pjX,Vas a esquiar y se te presenta @Ampeterby7 as√≠ enfrente tuyo. ¬øQu√© haces? üòè https://t.co/98AKF94pjX,FALSE,,"<a href=""http://twitter.com/download/iphone"" rel=""nofollow"">Twitter for iPhone</a>",NA,NA,NA,NA,NA,,,,NA,FALSE,114,8082,FALSE,NA,FALSE,NA,es,FALSE,NA,75,NA,,NA,NA,,NA,NA,NA,NA,NA,NA,NA,NA,NA,NA
2023-01-20T17:23:20Z,161648654738509e4,1616486547385090068,@Tortilla_Land @_biyin_ Me encanta el tiempo que se tira mirando fijamente la ara√±a jajajajajajaj,@Tortilla_Land @_biyin_ Me encanta el tiempo que se tira mirando fijamente la ara√±a jajajajajajaj,FALSE,,"<a href=""http://twitter.com/download/iphone"" rel=""nofollow"">Twitter for iPhone</a>",1616456703091900400,1616456703091900423,1404546174833549300,1404546174833549314,Tortilla_Land,,,,NA,FALSE,78,10267,FALSE,NA,FALSE,NA,es,NA,NA,97,NA,,NA,NA,,NA,NA,NA,NA,NA,NA,NA,NA,NA,NA
2023-01-20T12:47:58Z,1616417249820307500,1616417249820307456,"Estoy flipando 

#THWIN #VamosHeretics

ü•πü•π https://t.co/m7lpfFqtkl","Estoy flipando 

#THWIN #VamosHeretics

ü•πü•π https://t.co/m7lpfFqtkl",FALSE,,"<a href=""http://twitter.com/download/iphone"" rel=""nofollow"">Twitter for iPhone</a>",NA,NA,NA,NA,NA,,,,NA,TRUE,33,935,FALSE,NA,FALSE,NA,es,FALSE,NA,42,NA,,1616405051433427e3,1616405051433426944,,NA,NA,NA,NA,NA,NA,NA,NA,NA,NA
2023-01-19T21:43:49Z,1616189711365587e3,1616189711365586944,DEFINE BUKKAKE: https://t.co/tB8rWB7GHv,DEFINE BUKKAKE: https://t.co/tB8rWB7GHv,FALSE,,"<a href=""https://mobile.twitter.com"" rel=""nofollow"">Twitter Web App</a>",NA,NA,NA,NA,NA,,,,NA,TRUE,69,2201,FALSE,NA,FALSE,NA,ca,FALSE,NA,15,NA,,1616184276575207400,1616184276575207459,,NA,NA,NA,NA,NA,NA,NA,NA,NA,NA
2023-01-19T16:17:41Z,1616107638479011800,1616107638479011840,"üôèüèª [2/3 VIDAS] MINECRAFT EXTREMO üôèüèª

Solo pido hoy no morir, ir full diamante encantado, matar a 3 jugadores y pasarlo bien. ¬øTanto estoy pidiendo?

RT y disfruten üî¥ https://t.co/hWQuFo0UxU https://t.co/oKBZUvjWAO","üôèüèª [2/3 VIDAS] MINECRAFT EXTREMO üôèüèª

Solo pido hoy no morir, ir full diamante encantado, matar a 3 jugadores y pasarlo bien. ¬øTanto estoy pidiendo?

RT y disfruten üî¥ https://t.co/hWQuFo0UxU https://t.co/oKBZUvjWAO",FALSE,,"<a href=""https://mobile.twitter.com"" rel=""nofollow"">Twitter Web App</a>",NA,NA,NA,NA,NA,,,,NA,FALSE,69,1274,FALSE,NA,FALSE,NA,es,FALSE,NA,189,NA,,NA,NA,,NA,NA,NA,NA,NA,NA,NA,NA,NA,NA
2023-01-19T16:12:59Z,1616106454116712400,1616106454116712451,@OriolQF Bueno el punto 3 üôÑ,@OriolQF Bueno el punto 3 üôÑ,FALSE,,"<a href=""https://mobile.twitter.com"" rel=""nofollow"">Twitter Web App</a>",1616099366590386200,1616099366590386177,14819846,14819846,OriolQF,,,,NA,FALSE,0,241,FALSE,NA,FALSE,NA,es,NA,NA,27,NA,,NA,NA,,NA,NA,NA,NA,NA,NA,NA,NA,NA,NA
2023-01-19T15:23:05Z,1616093899029893e3,1616093899029893120,@UstFeelings He hecho un full body y me quiero meter en la cama 8 horas.,@UstFeelings He hecho un full body y me quiero meter en la cama 8 horas.,FALSE,,"<a href=""http://twitter.com/download/iphone"" rel=""nofollow"">Twitter for iPhone</a>",1616093612684750800,1616093612684750850,958792377480687600,958792377480687617,UstFeelings,,,,NA,FALSE,3,62,FALSE,NA,FALSE,NA,es,NA,NA,72,NA,,NA,NA,,NA,NA,NA,NA,NA,NA,NA,NA,NA,NA
2023-01-19T15:21:09Z,1616093410095407e3,1616093410095407105,En el gimnasio con energ√≠a y alegr√≠a: https://t.co/GynnHaey1u,En el gimnasio con energ√≠a y alegr√≠a: https://t.co/GynnHaey1u,FALSE,,"<a href=""http://twitter.com/download/iphone"" rel=""nofollow"">Twitter for iPhone</a>",NA,NA,NA,NA,NA,,,,NA,FALSE,134,6723,FALSE,NA,FALSE,NA,es,FALSE,NA,37,NA,,NA,NA,,NA,NA,NA,NA,NA,NA,NA,NA,NA,NA
2023-01-19T14:08:18Z,1616075076104851500,1616075076104851456,"Los videojuegos son ARTE?

S√ç. https://t.co/dprP8Jdc8O","Los videojuegos son ARTE?

S√ç. https://t.co/dprP8Jdc8O",FALSE,,"<a href=""http://twitter.com/download/iphone"" rel=""nofollow"">Twitter for iPhone</a>",NA,NA,NA,NA,NA,,,,NA,TRUE,133,2217,FALSE,NA,FALSE,NA,es,FALSE,NA,30,NA,,1615717555288547300,1615717555288547329,,NA,NA,NA,NA,NA,NA,NA,NA,NA,NA
2023-01-19T13:38:45Z,1616067639700250600,1616067639700250624,Qu√© har√≠ais en esta situaci√≥n?? https://t.co/ERVWRX8LVd,Qu√© har√≠ais en esta situaci√≥n?? https://t.co/ERVWRX8LVd,FALSE,,"<a href=""http://twitter.com/download/iphone"" rel=""nofollow"">Twitter for iPhone</a>",NA,NA,NA,NA,NA,,,,NA,TRUE,213,10152,FALSE,NA,FALSE,NA,es,FALSE,NA,31,NA,,1615750584866599e3,1615750584866598912,,NA,NA,NA,NA,NA,NA,NA,NA,NA,NA
2023-01-19T13:38:09Z,1616067491523862500,1616067491523862528,@LEC @KOI @TeamHeretics √ë üôèüèª,@LEC @KOI @TeamHeretics √ë üôèüèª,FALSE,,"<a href=""http://twitter.com/download/iphone"" rel=""nofollow"">Twitter for iPhone</a>",1616058176930996200,1616058176930996228,1076110847947300900,1076110847947300865,LEC,,,,NA,FALSE,4,916,FALSE,NA,FALSE,NA,und,NA,NA,28,NA,,NA,NA,,NA,NA,NA,NA,NA,NA,NA,NA,NA,NA
2023-01-19T13:37:38Z,1616067362016444400,1616067362016444418,@thetyets BAILOTEO üï∫üèªüíÉ,@thetyets BAILOTEO üï∫üèªüíÉ,FALSE,,"<a href=""http://twitter.com/download/iphone"" rel=""nofollow"">Twitter for iPhone</a>",1615749153425866800,1615749153425866757,1220789264507658200,1220789264507658242,thetyets,,,,NA,FALSE,14,463,FALSE,NA,FALSE,NA,eu,NA,NA,22,NA,,NA,NA,,NA,NA,NA,NA,NA,NA,NA,NA,NA,NA
2023-01-19T13:14:20Z,1616061495334535200,1616061495334535170,@TeamHeretics @LEC @ebihuryahurya @JankosLoL @LoLRRuby @Jackspektra @MersaLoL @werlyb üíÅüèª‚Äç‚ôÇÔ∏èüíÅüèª‚Äç‚ôÇÔ∏è,@TeamHeretics @LEC @ebihuryahurya @JankosLoL @LoLRRuby @Jackspektra @MersaLoL @werlyb üíÅüèª‚Äç‚ôÇÔ∏èüíÅüèª‚Äç‚ôÇÔ∏è,FALSE,,"<a href=""http://twitter.com/download/iphone"" rel=""nofollow"">Twitter for iPhone</a>",1616057931832885200,1616057931832885248,3599155340,3599155340,TeamHeretics,,,,NA,FALSE,8,410,FALSE,NA,FALSE,NA,und,NA,NA,96,NA,,NA,NA,,NA,NA,NA,NA,NA,NA,NA,NA,NA,NA
2023-01-18T23:10:13Z,1615849066168193e3,1615849066168193026,El Escuadr√≥n. https://t.co/SW1Ag5z1xL,El Escuadr√≥n. https://t.co/SW1Ag5z1xL,FALSE,,"<a href=""http://twitter.com/download/iphone"" rel=""nofollow"">Twitter for iPhone</a>",NA,NA,NA,NA,NA,,,,NA,FALSE,276,19301,FALSE,NA,FALSE,NA,es,FALSE,NA,13,NA,,NA,NA,,NA,NA,NA,NA,NA,NA,NA,NA,NA,NA
2023-01-18T20:16:21Z,1615805313164378e3,1615805313164378112,@Tortilla_Land @jokkij0kki JajshJshha qu√© es esto,@Tortilla_Land @jokkij0kki JajshJshha qu√© es esto,FALSE,,"<a href=""http://twitter.com/download/iphone"" rel=""nofollow"">Twitter for iPhone</a>",1615767884168315e3,1615767884168314885,1404546174833549300,1404546174833549314,Tortilla_Land,,,,NA,FALSE,21,3494,FALSE,NA,FALSE,NA,es,NA,NA,49,NA,,NA,NA,,NA,NA,NA,NA,NA,NA,NA,NA,NA,NA
2023-01-18T19:56:25Z,1615800297166721e3,1615800297166721024,"Este t√≠o @auronplay estaba esperando a que muriera en Minecraft Extremo para poner esto jaja auronplay mi casita ^,^ https://t.co/zFeYaYR0bU","Este t√≠o @auronplay estaba esperando a que muriera en Minecraft Extremo para poner esto jaja auronplay mi casita ^,^ https://t.co/zFeYaYR0bU",FALSE,,"<a href=""https://mobile.twitter.com"" rel=""nofollow"">Twitter Web App</a>",NA,NA,NA,NA,NA,,,,NA,FALSE,551,31839,FALSE,NA,FALSE,NA,es,FALSE,NA,116,NA,,NA,NA,,NA,NA,NA,NA,NA,NA,NA,NA,NA,NA
2023-01-18T19:52:28Z,1615799304358137900,1615799304358137861,"Yo: ""Me hago un agujero y me salvo de la lluvia""

Minecraft: ""You don't have an administrator's permission to build""

Yo: ü§° https://t.co/Jfo8K9M3X8","Yo: ""Me hago un agujero y me salvo de la lluvia""

Minecraft: ""You don't have an administrator's permission to build""

Yo: ü§° https://t.co/Jfo8K9M3X8",FALSE,,"<a href=""https://mobile.twitter.com"" rel=""nofollow"">Twitter Web App</a>",NA,NA,NA,NA,NA,,,,NA,TRUE,243,10419,FALSE,NA,FALSE,NA,es,FALSE,NA,123,NA,,1615793229269532700,1615793229269532672,,NA,NA,NA,NA,NA,NA,NA,NA,NA,NA
2023-01-18T19:51:40Z,1615799102368800800,1615799102368800768,@Tortilla_Land flipo,@Tortilla_Land flipo,FALSE,,"<a href=""https://mobile.twitter.com"" rel=""nofollow"">Twitter Web App</a>",1615793229269532700,1615793229269532672,1404546174833549300,1404546174833549314,Tortilla_Land,,,,NA,FALSE,35,3947,FALSE,NA,FALSE,NA,es,NA,NA,20,NA,,NA,NA,,NA,NA,NA,NA,NA,NA,NA,NA,NA,NA
2023-01-18T15:16:35Z,1615729873804296200,1615729873804296192,@rfef co√±a?,@rfef co√±a?,FALSE,,"<a href=""https://mobile.twitter.com"" rel=""nofollow"">Twitter Web App</a>",1615679483935359e3,1615679483935358976,137415452,137415452,rfef,,,,NA,FALSE,10,2250,FALSE,NA,FALSE,NA,es,NA,NA,11,NA,,NA,NA,,NA,NA,NA,NA,NA,NA,NA,NA,NA,NA
2023-01-18T15:12:44Z,1615728907457630200,1615728907457630209,"Estoy en directo :)

Vamos a chetarnos en esta maravillosa serie llamada MINECRAFT EXTREMO pero que en realidad va de rolear jaja. De momento 3/3 vidas ^^

üòàüî¥ https://t.co/hWQuFo0UxU https://t.co/RionDH83Xa","Estoy en directo :)

Vamos a chetarnos en esta maravillosa serie llamada MINECRAFT EXTREMO pero que en realidad va de rolear jaja. De momento 3/3 vidas ^^

üòàüî¥ https://t.co/hWQuFo0UxU https://t.co/RionDH83Xa",FALSE,,"<a href=""https://mobile.twitter.com"" rel=""nofollow"">Twitter Web App</a>",NA,NA,NA,NA,NA,,,,NA,FALSE,61,1625,FALSE,NA,FALSE,NA,es,FALSE,NA,182,NA,,NA,NA,,NA,NA,NA,NA,NA,NA,NA,NA,NA,NA
2023-01-18T03:17:02Z,1615548793885171700,1615548793885171714,@suja_gg @Ampeterby7,@suja_gg @Ampeterby7,FALSE,,"<a href=""http://twitter.com/download/iphone"" rel=""nofollow"">Twitter for iPhone</a>",1.6154665909333279e+18,1615466590933327884,825338418368503800,825338418368503808,suja_gg,,,,NA,FALSE,10,696,FALSE,NA,FALSE,NA,qam,NA,NA,20,NA,,NA,NA,,NA,NA,NA,NA,NA,NA,NA,NA,NA,NA
2023-01-17T17:28:54Z,1615400783729524700,1615400783729524746,"HOLA, ESTOY DE VUELTA EN MI SET-UP üòç

EL COMIENZO DE MINECRAFT EXTREMO üî•üòà

12 D√çAS PARA LOS ESLAND EN M√âXICO

üî¥ü§ùüèª https://t.co/hWQuFo0UxU https://t.co/9s98WjOX7J","HOLA, ESTOY DE VUELTA EN MI SET-UP üòç

EL COMIENZO DE MINECRAFT EXTREMO üî•üòà

12 D√çAS PARA LOS ESLAND EN M√âXICO

üî¥ü§ùüèª https://t.co/hWQuFo0UxU https://t.co/9s98WjOX7J",FALSE,,"<a href=""https://mobile.twitter.com"" rel=""nofollow"">Twitter Web App</a>",NA,NA,NA,NA,NA,,,,NA,FALSE,72,2187,FALSE,NA,FALSE,NA,es,FALSE,NA,137,NA,,NA,NA,,NA,NA,NA,NA,NA,NA,NA,NA,NA,NA
2023-01-17T17:22:31Z,1615399178330415e3,1615399178330415104,@meeeelero @nilojeda joder,@meeeelero @nilojeda joder,FALSE,,"<a href=""https://mobile.twitter.com"" rel=""nofollow"">Twitter Web App</a>",1615352389170602e3,1615352389170601986,549366423,549366423,meeeelero,,,,NA,FALSE,6,878,FALSE,NA,FALSE,NA,ht,NA,NA,26,NA,,NA,NA,,NA,NA,NA,NA,NA,NA,NA,NA,NA,NA
2023-01-17T04:02:20Z,1615197805970346e3,1615197805970345986,"@harryredhair Lo haremos, gracias por el feedback, no ten√≠a ni idea üíô","@harryredhair Lo haremos, gracias por el feedback, no ten√≠a ni idea üíô",FALSE,,"<a href=""http://twitter.com/download/iphone"" rel=""nofollow"">Twitter for iPhone</a>",1614839972401483800,1614839972401483782,1328421539130339300,1328421539130339328,harryredhair,,,,NA,FALSE,11,2224,FALSE,NA,FALSE,NA,es,NA,NA,69,NA,,NA,NA,,NA,NA,NA,NA,NA,NA,NA,NA,NA,NA
2023-01-17T02:37:22Z,1615176424972849200,1615176424972849153,"‚ÄúGrefg siempre gana‚Äù

Hoy gan√© un moco üëçüèª https://t.co/dRnuVUYVqt","‚ÄúGrefg siempre gana‚Äù

Hoy gan√© un moco üëçüèª https://t.co/dRnuVUYVqt",FALSE,,"<a href=""http://twitter.com/download/iphone"" rel=""nofollow"">Twitter for iPhone</a>",NA,NA,NA,NA,NA,,,,NA,TRUE,480,23338,FALSE,NA,FALSE,NA,es,FALSE,NA,41,NA,,1615154342499127300,1615154342499127297,,NA,NA,NA,NA,NA,NA,NA,NA,NA,NA
2023-01-17T00:05:17Z,161513814966716e4,1615138149667160069,@CSainz_oficial Mucho √°nimo Carlos üí™üèª,@CSainz_oficial Mucho √°nimo Carlos üí™üèª,FALSE,,"<a href=""http://twitter.com/download/iphone"" rel=""nofollow"">Twitter for iPhone</a>",161504112203989e4,1615041122039889928,407952890,407952890,CSainz_oficial,,,,NA,FALSE,3,458,FALSE,NA,FALSE,NA,es,NA,NA,37,NA,,NA,NA,,NA,NA,NA,NA,NA,NA,NA,NA,NA,NA
2023-01-16T23:49:11Z,1615134100389503e3,1615134100389502976,Tirando de facha con el pa @aguerosergiokun ü´° https://t.co/Odc14fqeD4,Tirando de facha con el pa @aguerosergiokun ü´° https://t.co/Odc14fqeD4,FALSE,,"<a href=""http://twitter.com/download/iphone"" rel=""nofollow"">Twitter for iPhone</a>",NA,NA,NA,NA,NA,,,,NA,TRUE,79,4884,FALSE,NA,FALSE,NA,es,FALSE,NA,45,NA,,1615077483417665500,1615077483417665541,,NA,NA,NA,NA,NA,NA,NA,NA,NA,NA
2023-01-16T19:12:35Z,1615064491561189400,1615064491561189377,"VAMO A LIARLA.

https://t.co/hWQuFo1sns https://t.co/dndrwCvmXA","VAMO A LIARLA.

https://t.co/hWQuFo1sns https://t.co/dndrwCvmXA",FALSE,,"<a href=""http://twitter.com/download/iphone"" rel=""nofollow"">Twitter for iPhone</a>",NA,NA,NA,NA,NA,,,,NA,FALSE,95,6438,FALSE,NA,FALSE,NA,es,FALSE,NA,39,NA,,NA,NA,,NA,NA,NA,NA,NA,NA,NA,NA,NA,NA
2023-01-16T18:34:44Z,1615054963763253200,1615054963763253267,@MovistareSports @PremiosESLAND Weno‚Ä¶,@MovistareSports @PremiosESLAND Weno‚Ä¶,FALSE,,"<a href=""http://twitter.com/download/iphone"" rel=""nofollow"">Twitter for iPhone</a>",1615053822358872e3,1615053822358872064,80933533871181e4,809335338711810048,MovistareSports,,,,NA,FALSE,5,359,FALSE,NA,FALSE,NA,en,NA,NA,37,NA,,NA,NA,,NA,NA,NA,NA,NA,NA,NA,NA,NA,NA
2023-01-16T18:34:43Z,1615054960349122600,1615054960349122561,"Hoy es el BLUE MONDAY (el d√≠a m√°s triste del a√±o) üò≠ as√≠ que he salido a la calle a regalar croquetas a la gente (y algo m√°s) üòÉ

Gracias a @HawkersCo por todo el cari√±o üíôü´µüèª https://t.co/3qOOlKJk5K https://t.co/lBsLLtbJFN","Hoy es el BLUE MONDAY (el d√≠a m√°s triste del a√±o) üò≠ as√≠ que he salido a la calle a regalar croquetas a la gente (y algo m√°s) üòÉ

Gracias a @HawkersCo por todo el cari√±o üíôü´µüèª https://t.co/3qOOlKJk5K https://t.co/lBsLLtbJFN",FALSE,,"<a href=""http://twitter.com/download/iphone"" rel=""nofollow"">Twitter for iPhone</a>",NA,NA,NA,NA,NA,,,,NA,FALSE,73,1453,FALSE,NA,FALSE,NA,es,FALSE,NA,195,NA,,NA,NA,,NA,NA,NA,NA,NA,NA,NA,NA,NA,NA
2023-01-16T18:03:49Z,1615047182662484e3,1615047182662483968,"√öltimos retoques al traje de los @PremiosESLAND üá≤üáΩü´°

13 d√≠as‚Ä¶ https://t.co/StjC4AoJ4y","√öltimos retoques al traje de los @PremiosESLAND üá≤üáΩü´°

13 d√≠as‚Ä¶ https://t.co/StjC4AoJ4y",FALSE,,"<a href=""http://twitter.com/download/iphone"" rel=""nofollow"">Twitter for iPhone</a>",NA,NA,NA,NA,NA,,,,NA,FALSE,111,6778,FALSE,NA,FALSE,NA,es,FALSE,NA,61,NA,,NA,NA,,NA,NA,NA,NA,NA,NA,NA,NA,NA,NA
2023-01-16T17:43:31Z,1615042073824231400,1615042073824231427,"Hoy a las 20:00 estaremos en persona en el AFTER KINGS de la @KingsLeague üî•ü´°

Lo stremear√© tambi√©n en mi canal para que pet√©is todo el chat de emotes de los @Saiyans_FC_ :) https://t.co/72Ngp9h5IX","Hoy a las 20:00 estaremos en persona en el AFTER KINGS de la @KingsLeague üî•ü´°

Lo stremear√© tambi√©n en mi canal para que pet√©is todo el chat de emotes de los @Saiyans_FC_ :) https://t.co/72Ngp9h5IX",FALSE,,"<a href=""http://twitter.com/download/iphone"" rel=""nofollow"">Twitter for iPhone</a>",NA,NA,NA,NA,NA,,,,NA,TRUE,45,973,FALSE,NA,FALSE,NA,es,FALSE,NA,172,NA,,1615037880769953800,1615037880769953792,,NA,NA,NA,NA,NA,NA,NA,NA,NA,NA
2023-01-16T13:33:28Z,1614979148358848500,1614979148358848514,"@Shadoune666 Nada hermano, nos vemos en M√©xico üíö","@Shadoune666 Nada hermano, nos vemos en M√©xico üíö",FALSE,,"<a href=""http://twitter.com/download/iphone"" rel=""nofollow"">Twitter for iPhone</a>",1614867965643751400,1614867965643751425,743896424,743896424,Shadoune666,,,,NA,FALSE,12,3278,FALSE,NA,FALSE,NA,es,NA,NA,48,NA,,NA,NA,,NA,NA,NA,NA,NA,NA,NA,NA,NA,NA
2023-01-16T13:31:50Z,1614978737648402400,1614978737648402432,@13_zerox Jajajajaj ahora entiendo todo,@13_zerox Jajajajaj ahora entiendo todo,FALSE,,"<a href=""http://twitter.com/download/iphone"" rel=""nofollow"">Twitter for iPhone</a>",1614916482814599200,1614916482814599168,1554248389231091700,1554248389231091712,13_zerox,,,,NA,FALSE,4,2738,FALSE,NA,FALSE,NA,es,NA,NA,39,NA,,NA,NA,,NA,NA,NA,NA,NA,NA,NA,NA,NA,NA
2023-01-16T01:54:40Z,1614803287651369e3,1614803287651368960,?¬ø?¬ø?¬ø https://t.co/115Ivr6EzD,?¬ø?¬ø?¬ø https://t.co/115Ivr6EzD,FALSE,,"<a href=""http://twitter.com/download/iphone"" rel=""nofollow"">Twitter for iPhone</a>",NA,NA,NA,NA,NA,,,,NA,FALSE,1535,85841,FALSE,NA,FALSE,NA,und,FALSE,NA,6,NA,,NA,NA,,NA,NA,NA,NA,NA,NA,NA,NA,NA,NA
2023-01-16T01:52:32Z,1614802754186125300,1614802754186125314,@Akira7375 No entiendo nada dame contexto,@Akira7375 No entiendo nada dame contexto,FALSE,,"<a href=""http://twitter.com/download/iphone"" rel=""nofollow"">Twitter for iPhone</a>",1614801978105921500,1614801978105921538,1416476288961978400,1416476288961978371,Akira7375,,,,NA,FALSE,21,4832,FALSE,NA,FALSE,NA,es,NA,NA,41,NA,,NA,NA,,NA,NA,NA,NA,NA,NA,NA,NA,NA,NA
2023-01-16T00:45:21Z,1614785844493320200,1614785844493320192,@FreeMigueZ Volando,@FreeMigueZ Volando,FALSE,,"<a href=""http://twitter.com/download/iphone"" rel=""nofollow"">Twitter for iPhone</a>",1614692745859276800,1614692745859276800,1005409386012004400,1005409386012004352,FreeMigueZ,,,,NA,FALSE,6,473,FALSE,NA,FALSE,NA,pt,NA,NA,19,NA,,NA,NA,,NA,NA,NA,NA,NA,NA,NA,NA,NA,NA
2023-01-16T00:18:11Z,1614779007924420600,1614779007924420608,@KingsLeague S√∫banse a la Saiyaneta. https://t.co/Ux5VJZxPYk,@KingsLeague S√∫banse a la Saiyaneta. https://t.co/Ux5VJZxPYk,FALSE,,"<a href=""http://twitter.com/download/iphone"" rel=""nofollow"">Twitter for iPhone</a>",1614769025027817500,1614769025027817473,1.5895695216140001e+18,1589569521614000128,KingsLeague,,,,NA,FALSE,38,2120,FALSE,NA,FALSE,NA,und,FALSE,NA,36,NA,,NA,NA,,NA,NA,NA,NA,NA,NA,NA,NA,NA,NA
2023-01-16T00:14:53Z,1614778178458853400,1614778178458853376,L√çDERES @Saiyans_FC_ ü•π https://t.co/DFgUnl8BqI,L√çDERES @Saiyans_FC_ ü•π https://t.co/DFgUnl8BqI,FALSE,,"<a href=""http://twitter.com/download/iphone"" rel=""nofollow"">Twitter for iPhone</a>",NA,NA,NA,NA,NA,,,,NA,TRUE,70,1936,FALSE,NA,FALSE,NA,pt,FALSE,NA,22,NA,,1614769025027817500,1614769025027817473,,NA,NA,NA,NA,NA,NA,NA,NA,NA,NA
2023-01-15T21:15:52Z,1614733129306247200,1614733129306247168,"Ya ten√©is el resumen de nuestro partido con los mejores momentos en youtube incluyendo la reacci√≥n al Kun quit√°ndose la m√°scara jajajajaja

Disfrutadlo üî•üíô https://t.co/5kPv5mELqg https://t.co/ikiwgZG54I","Ya ten√©is el resumen de nuestro partido con los mejores momentos en youtube incluyendo la reacci√≥n al Kun quit√°ndose la m√°scara jajajajaja

Disfrutadlo üî•üíô https://t.co/5kPv5mELqg https://t.co/ikiwgZG54I",FALSE,,"<a href=""http://twitter.com/download/iphone"" rel=""nofollow"">Twitter for iPhone</a>",NA,NA,NA,NA,NA,,,,NA,FALSE,63,1901,FALSE,NA,FALSE,NA,es,FALSE,NA,178,NA,,NA,NA,,NA,NA,NA,NA,NA,NA,NA,NA,NA,NA
2023-01-15T21:04:38Z,1614730302391296e3,1614730302391296002,"El trabajo y la pasi√≥n de este equipo @Saiyans_FC_ est√°n dando sus frutos üî•üíôü§öüèª

Ganamos 5-1 a @UltMostoles de @DjMaRiiO en la J3 de la @KingsLeague ‚ÄºÔ∏è

Seguimos y enorme @MarcBrionesG por el MVP, qu√© portero üí¶üòç https://t.co/gdxWTHBI7B","El trabajo y la pasi√≥n de este equipo @Saiyans_FC_ est√°n dando sus frutos üî•üíôü§öüèª

Ganamos 5-1 a @UltMostoles de @DjMaRiiO en la J3 de la @KingsLeague ‚ÄºÔ∏è

Seguimos y enorme @MarcBrionesG por el MVP, qu√© portero üí¶üòç https://t.co/gdxWTHBI7B",FALSE,,"<a href=""http://twitter.com/download/iphone"" rel=""nofollow"">Twitter for iPhone</a>",NA,NA,NA,NA,NA,,,,NA,FALSE,89,3094,FALSE,NA,FALSE,NA,es,FALSE,NA,210,NA,,NA,NA,,NA,NA,NA,NA,NA,NA,NA,NA,NA,NA
2023-01-15T16:38:26Z,1614663308706971600,1614663308706971649,"Ya estamos por la @KingsLeague 

üî• @Saiyans_FC_ VS @UltMostoles ü¶Å

Entra con todo. üíôü´µüèª https://t.co/hWQuFo0UxU https://t.co/2twbUzsypi","Ya estamos por la @KingsLeague 

üî• @Saiyans_FC_ VS @UltMostoles ü¶Å

Entra con todo. üíôü´µüèª https://t.co/hWQuFo0UxU https://t.co/2twbUzsypi",FALSE,,"<a href=""http://twitter.com/download/iphone"" rel=""nofollow"">Twitter for iPhone</a>",NA,NA,NA,NA,NA,,,,NA,FALSE,235,12497,FALSE,NA,FALSE,NA,es,FALSE,NA,110,NA,,NA,NA,,NA,NA,NA,NA,NA,NA,NA,NA,NA,NA
2023-01-15T14:41:49Z,1614633963149983700,1614633963149983747,Una loba como yo no est√° pa tipos como t√∫uUuUuuUuuUuU https://t.co/NeZTA4XtP9,Una loba como yo no est√° pa tipos como t√∫uUuUuuUuuUuU https://t.co/NeZTA4XtP9,FALSE,,"<a href=""http://twitter.com/download/iphone"" rel=""nofollow"">Twitter for iPhone</a>",NA,NA,NA,NA,NA,,,,NA,TRUE,669,24004,FALSE,NA,FALSE,NA,es,FALSE,NA,53,NA,,1614632468325494800,1614632468325494784,,NA,NA,NA,NA,NA,NA,NA,NA,NA,NA
2023-01-15T13:16:47Z,1614612561219010600,1614612561219010564,"D√çA DE @KingsLeague 

VAMOS @Saiyans_FC_ üî•üíô https://t.co/YniUOGb34E","D√çA DE @KingsLeague 

VAMOS @Saiyans_FC_ üî•üíô https://t.co/YniUOGb34E",FALSE,,"<a href=""http://twitter.com/download/iphone"" rel=""nofollow"">Twitter for iPhone</a>",NA,NA,NA,NA,NA,,,,NA,FALSE,69,1933,FALSE,NA,FALSE,NA,es,FALSE,NA,43,NA,,NA,NA,,NA,NA,NA,NA,NA,NA,NA,NA,NA,NA
2023-01-14T23:42:17Z,1614407587968983e3,1614407587968983040,Unpopular opinion: no te gusta el sushi hasta que pruebas uno bueno de verdad. https://t.co/IAsJnLUSBg,Unpopular opinion: no te gusta el sushi hasta que pruebas uno bueno de verdad. https://t.co/IAsJnLUSBg,FALSE,,"<a href=""http://twitter.com/download/iphone"" rel=""nofollow"">Twitter for iPhone</a>",NA,NA,NA,NA,NA,,,,NA,FALSE,332,10745,FALSE,NA,FALSE,NA,es,FALSE,NA,78,NA,,NA,NA,,NA,NA,NA,NA,NA,NA,NA,NA,NA,NA
2023-01-14T22:47:35Z,1614393820342370300,1614393820342370304,"@KingsLeague *Reenviado*
Buenas","@KingsLeague *Reenviado*
Buenas",FALSE,,"<a href=""http://twitter.com/download/iphone"" rel=""nofollow"">Twitter for iPhone</a>",1614383445177733e3,1614383445177733122,1.5895695216140001e+18,1589569521614000128,KingsLeague,,,,NA,FALSE,21,3897,FALSE,NA,FALSE,NA,es,NA,NA,31,NA,,NA,NA,,NA,NA,NA,NA,NA,NA,NA,NA,NA,NA
2023-01-14T20:39:47Z,1614361658461233200,1614361658461233152,El grupo de la @KingsLeague es un lugar maravilloso. https://t.co/lHKCYau6xu,El grupo de la @KingsLeague es un lugar maravilloso. https://t.co/lHKCYau6xu,FALSE,,"<a href=""http://twitter.com/download/iphone"" rel=""nofollow"">Twitter for iPhone</a>",NA,NA,NA,NA,NA,,,,NA,FALSE,1537,53852,FALSE,NA,FALSE,NA,es,FALSE,NA,52,NA,,NA,NA,,NA,NA,NA,NA,NA,NA,NA,NA,NA,NA
2023-01-14T20:37:23Z,1614361055647649800,1614361055647649792,@gllobet25 Est√° chula pero no esperes sentir lo de la primera üôÇ,@gllobet25 Est√° chula pero no esperes sentir lo de la primera üôÇ,FALSE,,"<a href=""http://twitter.com/download/iphone"" rel=""nofollow"">Twitter for iPhone</a>",1614346715158515700,1614346715158515713,564757046,564757046,gllobet25,,,,NA,FALSE,9,635,FALSE,NA,FALSE,NA,es,NA,NA,63,NA,,NA,NA,,NA,NA,NA,NA,NA,NA,NA,NA,NA,NA
2023-01-14T20:36:49Z,1614360913418535e3,1614360913418534912,"@JuanSGuarnizo Voy a tener que traer a Vegeta y que se fusionen (tener sexo) en medio del partido. 

*Gerard Piqu√© aprueba esta idea*","@JuanSGuarnizo Voy a tener que traer a Vegeta y que se fusionen (tener sexo) en medio del partido. 

*Gerard Piqu√© aprueba esta idea*",FALSE,,"<a href=""http://twitter.com/download/iphone"" rel=""nofollow"">Twitter for iPhone</a>",1614357250432196600,1614357250432196608,285081945,285081945,JuanSGuarnizo,,,,NA,FALSE,36,2561,FALSE,NA,FALSE,NA,es,NA,NA,133,NA,,NA,NA,,NA,NA,NA,NA,NA,NA,NA,NA,NA,NA
2023-01-14T20:34:21Z,1614360289926955e3,1614360289926955009,"@Robleis01 D√≠a 9 ya, qu√© r√°pido pasa el tiempo cuando est√°s con tu √≠dolo üòç","@Robleis01 D√≠a 9 ya, qu√© r√°pido pasa el tiempo cuando est√°s con tu √≠dolo üòç",FALSE,,"<a href=""http://twitter.com/download/iphone"" rel=""nofollow"">Twitter for iPhone</a>",1614356350498181e3,1614356350498181122,1277824644,1277824644,Robleis01,,,,NA,FALSE,29,1524,FALSE,NA,FALSE,NA,es,NA,NA,74,NA,,NA,NA,,NA,NA,NA,NA,NA,NA,NA,NA,NA,NA
2023-01-14T19:48:09Z,1614348665862103e3,1614348665862103041,@JuanSGuarnizo ??????,@JuanSGuarnizo ??????,FALSE,,"<a href=""http://twitter.com/download/iphone"" rel=""nofollow"">Twitter for iPhone</a>",1614338064003879e3,1614338064003878914,285081945,285081945,JuanSGuarnizo,,,,NA,FALSE,31,4561,FALSE,NA,FALSE,NA,qam,NA,NA,21,NA,,NA,NA,,NA,NA,NA,NA,NA,NA,NA,NA,NA,NA
2023-01-14T19:47:49Z,1614348578880618500,1614348578880618497,@elbarrioklk_ @AniquiladoresFC @KingsLeague Qu√© cascos m√°s raros,@elbarrioklk_ @AniquiladoresFC @KingsLeague Qu√© cascos m√°s raros,FALSE,,"<a href=""http://twitter.com/download/iphone"" rel=""nofollow"">Twitter for iPhone</a>",1614246694199201800,1614246694199201794,1592276921974489e3,1592276921974489088,elbarrioklk_,,,,NA,FALSE,8,1229,FALSE,NA,FALSE,NA,es,NA,NA,64,NA,,NA,NA,,NA,NA,NA,NA,NA,NA,NA,NA,NA,NA
2023-01-14T18:32:23Z,1614329597255975e3,1614329597255974912,@Ricardoesteve Yeeeeess,@Ricardoesteve Yeeeeess,FALSE,,"<a href=""http://twitter.com/download/iphone"" rel=""nofollow"">Twitter for iPhone</a>",1614314624228139e3,1614314624228139009,116468674,116468674,Ricardoesteve,,,,NA,FALSE,0,44,FALSE,NA,FALSE,NA,en,NA,NA,23,NA,,NA,NA,,NA,NA,NA,NA,NA,NA,NA,NA,NA,NA
2023-01-14T17:31:44Z,1614314334385066e3,1614314334385065986,"Pero el jugador de rojo dando esa asistencia ‚ÄºÔ∏èüò± Wow no creo que sea Grefg? üôÑ S√≠ii encima es un saiyan üî•

C√≥mo voy a echar de menos los partidos con mis colegas de Murcia :/

Si en Andorra alg√∫n youtuber se anima a jugar, yo encantado de organizarlos üíôü´µüèª https://t.co/x2UgHMiPvH","Pero el jugador de rojo dando esa asistencia ‚ÄºÔ∏èüò± Wow no creo que sea Grefg? üôÑ S√≠ii encima es un saiyan üî•

C√≥mo voy a echar de menos los partidos con mis colegas de Murcia :/

Si en Andorra alg√∫n youtuber se anima a jugar, yo encantado de organizarlos üíôü´µüèª https://t.co/x2UgHMiPvH",FALSE,,"<a href=""http://twitter.com/download/iphone"" rel=""nofollow"">Twitter for iPhone</a>",NA,NA,NA,NA,NA,,,,NA,FALSE,69,3350,FALSE,NA,FALSE,NA,es,FALSE,NA,254,NA,,NA,NA,,NA,NA,NA,NA,NA,NA,NA,NA,NA,NA
2023-01-14T02:21:26Z,1614085248622661600,1614085248622661634,"@illojuan Congrats Juan, you deserved it üíôü´µüèª","@illojuan Congrats Juan, you deserved it üíôü´µüèª",FALSE,,"<a href=""http://twitter.com/download/iphone"" rel=""nofollow"">Twitter for iPhone</a>",1614065538132574200,1614065538132574208,2780429016,2780429016,illojuan,,,,NA,FALSE,27,3199,FALSE,NA,FALSE,NA,en,NA,NA,44,NA,,NA,NA,,NA,NA,NA,NA,NA,NA,NA,NA,NA,NA
2023-01-13T22:57:10Z,1614033844310622200,1614033844310622208,Nuestros guerreros para el domingo üî•üíô https://t.co/Cumkbq9J2U,Nuestros guerreros para el domingo üî•üíô https://t.co/Cumkbq9J2U,FALSE,,"<a href=""http://twitter.com/download/iphone"" rel=""nofollow"">Twitter for iPhone</a>",NA,NA,NA,NA,NA,,,,NA,TRUE,44,1212,FALSE,NA,FALSE,NA,es,FALSE,NA,37,NA,,1614001654273134600,1614001654273134594,,NA,NA,NA,NA,NA,NA,NA,NA,NA,NA
2023-01-13T22:54:07Z,1614033077394604e3,1614033077394604034,@UltMostoles #Messirve https://t.co/d4y7MI5y7b,@UltMostoles #Messirve https://t.co/d4y7MI5y7b,FALSE,,"<a href=""http://twitter.com/download/iphone"" rel=""nofollow"">Twitter for iPhone</a>",1614010856018268200,1614010856018268178,1512367617507577900,1512367617507577860,UltMostoles,,,,NA,FALSE,11,515,FALSE,NA,FALSE,NA,qme,FALSE,NA,22,NA,,NA,NA,,NA,NA,NA,NA,NA,NA,NA,NA,NA,NA
2023-01-13T22:53:29Z,1614032916836913200,1614032916836913152,@Noelia_posse @UltMostoles Otros penaltis no alcaldesa ü´£,@Noelia_posse @UltMostoles Otros penaltis no alcaldesa ü´£,FALSE,,"<a href=""http://twitter.com/download/iphone"" rel=""nofollow"">Twitter for iPhone</a>",1614012078192488400,1614012078192488448,246907910,246907910,Noelia_posse,,,,NA,FALSE,0,34,FALSE,NA,FALSE,NA,es,NA,NA,56,NA,,NA,NA,,NA,NA,NA,NA,NA,NA,NA,NA,NA,NA
2023-01-13T22:36:16Z,1614028584192032800,1614028584192032768,@Alexispaiii @KingsLeague No creo no?,@Alexispaiii @KingsLeague No creo no?,FALSE,,"<a href=""http://twitter.com/download/iphone"" rel=""nofollow"">Twitter for iPhone</a>",1614027942379634700,1614027942379634690,849397621919756300,849397621919756288,Alexispaiii,,,,NA,FALSE,2,239,FALSE,NA,FALSE,NA,es,NA,NA,37,NA,,NA,NA,,NA,NA,NA,NA,NA,NA,NA,NA,NA,NA
2023-01-13T22:32:05Z,1614027533581947e3,1614027533581946880,"A√∫n recuerdo el primer directo de la Kings League que est√°bamos todos tensos en los sof√°s y hace un rato hemos estado hablando de CASIO, TWINGO y un jugador que es el Joker.

En fin, hay que tomarse todo en la vida con humor, feliz de pertenecer a la @KingsLeague üíôüòÇ https://t.co/tGIBqDVX6l","A√∫n recuerdo el primer directo de la Kings League que est√°bamos todos tensos en los sof√°s y hace un rato hemos estado hablando de CASIO, TWINGO y un jugador que es el Joker.

En fin, hay que tomarse todo en la vida con humor, feliz de pertenecer a la @KingsLeague üíôüòÇ https://t.co/tGIBqDVX6l",FALSE,,"<a href=""http://twitter.com/download/iphone"" rel=""nofollow"">Twitter for iPhone</a>",NA,NA,NA,NA,NA,,,,NA,FALSE,252,9110,FALSE,NA,FALSE,NA,es,FALSE,NA,266,NA,,NA,NA,,NA,NA,NA,NA,NA,NA,NA,NA,NA,NA
2023-01-13T21:59:46Z,1614019400079913e3,1614019400079912960,Vivimos en un üé™ü§°,Vivimos en un üé™ü§°,FALSE,,"<a href=""https://mobile.twitter.com"" rel=""nofollow"">Twitter Web App</a>",NA,NA,NA,NA,NA,,,,NA,FALSE,372,20722,FALSE,NA,FALSE,NA,es,NA,NA,16,NA,,NA,NA,,NA,NA,NA,NA,NA,NA,NA,NA,NA,NA
2023-01-13T16:49:29Z,1613941314139164700,1613941314139164672,"LLEG√ì EL D√çA -&gt; üôèüèª AMPETER Y GREFG üôèüèª

BEST DUO VALORANT EVER. A VER QU√â RANGO ME DAN :)

üé™ A LAS 21:00 CHUP CHUP DE LA KINGS LEAGUE üé™

RT!! üíôüî¥ https://t.co/hWQuFo0UxU https://t.co/KOWCV8Wia2","LLEG√ì EL D√çA -&gt; üôèüèª AMPETER Y GREFG üôèüèª

BEST DUO VALORANT EVER. A VER QU√â RANGO ME DAN :)

üé™ A LAS 21:00 CHUP CHUP DE LA KINGS LEAGUE üé™

RT!! üíôüî¥ https://t.co/hWQuFo0UxU https://t.co/KOWCV8Wia2",FALSE,,"<a href=""https://mobile.twitter.com"" rel=""nofollow"">Twitter Web App</a>",NA,NA,NA,NA,NA,,,,NA,FALSE,145,6341,FALSE,NA,FALSE,NA,es,FALSE,NA,170,NA,,NA,NA,,NA,NA,NA,NA,NA,NA,NA,NA,NA,NA
2023-01-13T16:43:43Z,1613939863853703200,1613939863853703168,@KingsLeague @marca @kunisport @FCPorcinos El partidazo jajaj @DjMaRiiO,@KingsLeague @marca @kunisport @FCPorcinos El partidazo jajaj @DjMaRiiO,FALSE,,"<a href=""https://mobile.twitter.com"" rel=""nofollow"">Twitter Web App</a>",1613925260231078e3,1613925260231077953,1.5895695216140001e+18,1589569521614000128,KingsLeague,,,,NA,FALSE,21,1151,FALSE,NA,FALSE,NA,es,NA,NA,71,NA,,NA,NA,,NA,NA,NA,NA,NA,NA,NA,NA,NA,NA
2023-01-12T22:07:54Z,1613659057986097200,1613659057986097153,JAJAJAJAJAJAJJAAJJAJAHAJAJAJAJ https://t.co/fdW1PpEPMf,JAJAJAJAJAJAJJAAJJAJAHAJAJAJAJ https://t.co/fdW1PpEPMf,FALSE,,"<a href=""http://twitter.com/download/iphone"" rel=""nofollow"">Twitter for iPhone</a>",NA,NA,NA,NA,NA,,,,NA,TRUE,163,10653,FALSE,NA,FALSE,NA,es,FALSE,NA,30,NA,,1613656486055485400,1613656486055485445,,NA,NA,NA,NA,NA,NA,NA,NA,NA,NA
2023-01-12T20:36:03Z,1613635942681612300,1613635942681612329,"*stream corto* (como mi pene)

https://t.co/hWQuFo0UxU","*stream corto* (como mi pene)

https://t.co/hWQuFo0UxU",FALSE,,"<a href=""https://mobile.twitter.com"" rel=""nofollow"">Twitter Web App</a>",NA,NA,NA,NA,NA,,,,NA,FALSE,53,1387,FALSE,NA,FALSE,NA,it,FALSE,NA,54,NA,,NA,NA,,NA,NA,NA,NA,NA,NA,NA,NA,NA,NA
2023-01-12T18:33:55Z,1613605206402400300,1613605206402400260,Escuchando la sesi√≥n ahora ya en fr√≠o s√≠ que creo que Shakira se ha pasado‚Ä¶ https://t.co/qgKBwYEuZk,Escuchando la sesi√≥n ahora ya en fr√≠o s√≠ que creo que Shakira se ha pasado‚Ä¶ https://t.co/qgKBwYEuZk,FALSE,,"<a href=""http://twitter.com/download/iphone"" rel=""nofollow"">Twitter for iPhone</a>",NA,NA,NA,NA,NA,,,,NA,TRUE,429,9347,FALSE,NA,FALSE,NA,es,FALSE,NA,75,NA,,1613350559926390800,1613350559926390785,,NA,NA,NA,NA,NA,NA,NA,NA,NA,NA
2023-01-12T15:27:52Z,1613558384652914700,1613558384652914690,Y se la pela https://t.co/wYyuRf3hiw,Y se la pela https://t.co/wYyuRf3hiw,FALSE,,"<a href=""http://twitter.com/download/iphone"" rel=""nofollow"">Twitter for iPhone</a>",NA,NA,NA,NA,NA,,,,NA,TRUE,394,17850,FALSE,NA,FALSE,NA,es,FALSE,NA,12,NA,,1613556777899131e3,1613556777899130881,,NA,NA,NA,NA,NA,NA,NA,NA,NA,NA
2023-01-12T00:30:44Z,1613332614856712200,1613332614856712192,@auronplay Creo que va por Ibai y no es co√±a,@auronplay Creo que va por Ibai y no es co√±a,FALSE,,"<a href=""https://mobile.twitter.com"" rel=""nofollow"">Twitter Web App</a>",1613332189458092e3,1613332189458092032,1501434991,1501434991,auronplay,,,,NA,FALSE,667,52207,FALSE,NA,FALSE,NA,es,NA,NA,44,NA,,NA,NA,,NA,NA,NA,NA,NA,NA,NA,NA,NA,NA
2023-01-12T00:23:28Z,1613330787423641600,1613330787423641603,Ya tenemos respuesta de Piqu√©: https://t.co/MQG28m28qu,Ya tenemos respuesta de Piqu√©: https://t.co/MQG28m28qu,FALSE,,"<a href=""https://mobile.twitter.com"" rel=""nofollow"">Twitter Web App</a>",NA,NA,NA,NA,NA,,,,NA,FALSE,1960,44489,FALSE,NA,FALSE,NA,es,FALSE,NA,30,NA,,NA,NA,,NA,NA,NA,NA,NA,NA,NA,NA,NA,NA
2023-01-12T00:17:15Z,1613329222436536300,1613329222436536320,https://t.co/cE3LZQms0k,https://t.co/cE3LZQms0k,FALSE,,"<a href=""https://mobile.twitter.com"" rel=""nofollow"">Twitter Web App</a>",NA,NA,NA,NA,NA,,,,NA,FALSE,6463,124155,FALSE,NA,FALSE,NA,zxx,FALSE,NA,0,NA,,NA,NA,,NA,NA,NA,NA,NA,NA,NA,NA,NA,NA
2023-01-11T23:47:29Z,1613321731158208500,1613321731158208512,"Reaccionando a la Bizarra Sesi√≥n Musical con Shakira.

Gerard Piqu√© no veas esto, me flipa la Kings League.

üëÄ https://t.co/hWQuFo1sns","Reaccionando a la Bizarra Sesi√≥n Musical con Shakira.

Gerard Piqu√© no veas esto, me flipa la Kings League.

üëÄ https://t.co/hWQuFo1sns",FALSE,,"<a href=""https://mobile.twitter.com"" rel=""nofollow"">Twitter Web App</a>",NA,NA,NA,NA,NA,,,,NA,FALSE,69,2790,FALSE,NA,FALSE,NA,es,FALSE,NA,134,NA,,NA,NA,,NA,NA,NA,NA,NA,NA,NA,NA,NA,NA
2023-01-11T22:42:49Z,1613305459204829200,1613305459204829186,@CM_Solapaine DIOS OJAL√Å JAJAJAJ,@CM_Solapaine DIOS OJAL√Å JAJAJAJ,FALSE,,"<a href=""http://twitter.com/download/iphone"" rel=""nofollow"">Twitter for iPhone</a>",1613244595038716e3,1613244595038715905,53894758,53894758,CM_Solapaine,,,,NA,FALSE,1,245,FALSE,NA,FALSE,NA,es,NA,NA,32,NA,,NA,NA,,NA,NA,NA,NA,NA,NA,NA,NA,NA,NA
2023-01-11T21:04:26Z,1613280699813097500,1613280699813097472,"Os comparto con ilusi√≥n el primer episodio del documental dedicado al equipo de LEC de @TeamHeretics 

Estrenamos nuevo canal para ello. ¬°Dadle amor! ü•∞ https://t.co/yh3om9zaIh","Os comparto con ilusi√≥n el primer episodio del documental dedicado al equipo de LEC de @TeamHeretics 

Estrenamos nuevo canal para ello. ¬°Dadle amor! ü•∞ https://t.co/yh3om9zaIh",FALSE,,"<a href=""https://mobile.twitter.com"" rel=""nofollow"">Twitter Web App</a>",NA,NA,NA,NA,NA,,,,NA,TRUE,41,988,FALSE,NA,FALSE,NA,es,FALSE,NA,151,NA,,1613264522277429200,1613264522277429253,,NA,NA,NA,NA,NA,NA,NA,NA,NA,NA
2023-01-11T17:41:41Z,1613229674091499500,1613229674091499520,"¬°EN DIRECTO!

ENTRADAS M&amp;G ESLAND 

ENTRENAMIENTO @Saiyans_FC_ + FICHAJE EN DIRECTO 

BIZARRAP X SHAKIRA MUSIC SESSION

https://t.co/hWQuFo0UxU","¬°EN DIRECTO!

ENTRADAS M&amp;G ESLAND 

ENTRENAMIENTO @Saiyans_FC_ + FICHAJE EN DIRECTO 

BIZARRAP X SHAKIRA MUSIC SESSION

https://t.co/hWQuFo0UxU",FALSE,,"<a href=""https://mobile.twitter.com"" rel=""nofollow"">Twitter Web App</a>",NA,NA,NA,NA,NA,,,,NA,FALSE,54,967,FALSE,NA,FALSE,NA,es,FALSE,NA,147,NA,,NA,NA,,NA,NA,NA,NA,NA,NA,NA,NA,NA,NA
2023-01-11T17:13:34Z,1613222599307235300,1613222599307235337,Ahora nos vemos üíôüôÑ https://t.co/VKTrK5p8EK,Ahora nos vemos üíôüôÑ https://t.co/VKTrK5p8EK,FALSE,,"<a href=""https://mobile.twitter.com"" rel=""nofollow"">Twitter Web App</a>",NA,NA,NA,NA,NA,,,,NA,TRUE,47,1398,FALSE,NA,FALSE,NA,es,FALSE,NA,18,NA,,1613208757223456800,1613208757223456769,,NA,NA,NA,NA,NA,NA,NA,NA,NA,NA
2023-01-11T17:06:18Z,1613220770016010200,1613220770016010240,@VALORANTes @Mixwell @BlackEspanolito Gracias por poner mi mejor jugada. Os quiero ü•∞,@VALORANTes @Mixwell @BlackEspanolito Gracias por poner mi mejor jugada. Os quiero ü•∞,FALSE,,"<a href=""https://mobile.twitter.com"" rel=""nofollow"">Twitter Web App</a>",1613219453298434e3,1613219453298434055,1230559659305525200,1230559659305525248,VALORANTes,,,,NA,FALSE,3,556,FALSE,NA,FALSE,NA,es,NA,NA,84,NA,,NA,NA,,NA,NA,NA,NA,NA,NA,NA,NA,NA,NA
2023-01-11T16:31:00Z,1613211887046430700,1613211887046430724,Alguien sabe cu√°nto dinero hay aqu√≠ metido?? https://t.co/3FyHPBiwha https://t.co/pA2nuMguwj,Alguien sabe cu√°nto dinero hay aqu√≠ metido?? https://t.co/3FyHPBiwha https://t.co/pA2nuMguwj,FALSE,,"<a href=""https://mobile.twitter.com"" rel=""nofollow"">Twitter Web App</a>",NA,NA,NA,NA,NA,,,,NA,TRUE,58,3238,FALSE,NA,FALSE,NA,es,FALSE,NA,68,NA,,1612890002324873200,1612890002324873216,,NA,NA,NA,NA,NA,NA,NA,NA,NA,NA
2023-01-11T15:54:51Z,161320278947942e4,1613202789479419905,"Bueno pues hoy hace 2 a√±os que enchuf√© directo en mi set-up con un traje que parec√≠a un pijama, puse un contador y present√© una skin que se parece a mi primo.

Todo esto reuni√≥ a 2.5M de personas en mi canal de Twitch. Tanto tiempo despu√©s sigo sin entender c√≥mo lo hicimos.

‚ù§ https://t.co/q8njLU78c1","Bueno pues hoy hace 2 a√±os que enchuf√© directo en mi set-up con un traje que parec√≠a un pijama, puse un contador y present√© una skin que se parece a mi primo.

Todo esto reuni√≥ a 2.5M de personas en mi canal de Twitch. Tanto tiempo despu√©s sigo sin entender c√≥mo lo hicimos.

‚ù§ https://t.co/q8njLU78c1",FALSE,,"<a href=""https://mobile.twitter.com"" rel=""nofollow"">Twitter Web App</a>",NA,NA,NA,NA,NA,,,,NA,FALSE,440,16678,FALSE,NA,FALSE,NA,es,FALSE,NA,277,NA,,NA,NA,,NA,NA,NA,NA,NA,NA,NA,NA,NA,NA
2023-01-11T14:11:01Z,1613176660546752500,1613176660546752513,"AJSDJFAJSFDJASJAJS

Felicidades @JuanSGuarnizo, qu√© d√≠a tan especial ü•∞üòò https://t.co/A8hvFno0nm","AJSDJFAJSFDJASJAJS

Felicidades @JuanSGuarnizo, qu√© d√≠a tan especial ü•∞üòò https://t.co/A8hvFno0nm",FALSE,,"<a href=""https://mobile.twitter.com"" rel=""nofollow"">Twitter Web App</a>",NA,NA,NA,NA,NA,,,,NA,TRUE,102,6420,FALSE,NA,FALSE,NA,es,FALSE,NA,71,NA,,1613146759819149300,1613146759819149312,,NA,NA,NA,NA,NA,NA,NA,NA,NA,NA
2023-01-11T08:39:00Z,1613093105095561200,1613093105095561216,@PlayVerso ü´†ü´†ü´†ü´†ü´†,@PlayVerso ü´†ü´†ü´†ü´†ü´†,FALSE,,"<a href=""http://twitter.com/download/iphone"" rel=""nofollow"">Twitter for iPhone</a>",1612781768058232800,1612781768058232834,887665154653118500,887665154653118465,PlayVerso,,,,NA,FALSE,6,250,FALSE,NA,FALSE,NA,und,NA,NA,16,NA,,NA,NA,,NA,NA,NA,NA,NA,NA,NA,NA,NA,NA
2023-01-11T06:07:59Z,1613055099596640300,1613055099596640256,@DjMaRiiO https://t.co/oUmohEQqkh,@DjMaRiiO https://t.co/oUmohEQqkh,FALSE,,"<a href=""http://twitter.com/download/iphone"" rel=""nofollow"">Twitter for iPhone</a>",1612863920976400400,1612863920976400410,202535200,202535200,DjMaRiiO,,,,NA,FALSE,49,3193,FALSE,NA,FALSE,NA,qme,FALSE,NA,9,NA,,NA,NA,,NA,NA,NA,NA,NA,NA,NA,NA,NA,NA
2023-01-11T00:06:48Z,1612964204738232300,1612964204738232320,"@Juanmaglez22 Te felicito
Qu√© bien act√∫as
üò≥","@Juanmaglez22 Te felicito
Qu√© bien act√∫as
üò≥",FALSE,,"<a href=""http://twitter.com/download/iphone"" rel=""nofollow"">Twitter for iPhone</a>",1612947034826227700,1612947034826227715,857618195833868300,857618195833868288,Juanmaglez22,,,,NA,FALSE,7,876,FALSE,NA,FALSE,NA,es,NA,NA,43,NA,,NA,NA,,NA,NA,NA,NA,NA,NA,NA,NA,NA,NA
2023-01-10T22:41:59Z,1612942858054471700,1612942858054471680,"A BUENO.
Este finde no creo que haya Kings League üëãüèªü•∂ https://t.co/t2N7ojHaAD","A BUENO.
Este finde no creo que haya Kings League üëãüèªü•∂ https://t.co/t2N7ojHaAD",FALSE,,"<a href=""http://twitter.com/download/iphone"" rel=""nofollow"">Twitter for iPhone</a>",NA,NA,NA,NA,NA,,,,NA,TRUE,364,22259,FALSE,NA,FALSE,NA,es,FALSE,NA,53,NA,,1612904134453108700,1612904134453108736,,NA,NA,NA,NA,NA,NA,NA,NA,NA,NA
2023-01-10T19:58:58Z,1612901834410131500,1612901834410131456,"HABLEMOS.

üôÑ https://t.co/hWQuFo0UxU https://t.co/2MuJLoAmbe","HABLEMOS.

üôÑ https://t.co/hWQuFo0UxU https://t.co/2MuJLoAmbe",FALSE,,"<a href=""https://mobile.twitter.com"" rel=""nofollow"">Twitter Web App</a>",NA,NA,NA,NA,NA,,,,NA,FALSE,77,2822,FALSE,NA,FALSE,NA,es,FALSE,NA,36,NA,,NA,NA,,NA,NA,NA,NA,NA,NA,NA,NA,NA,NA
2023-01-10T17:50:54Z,1612869606422761500,1612869606422761473,¬øQu√© tal est√°is?,¬øQu√© tal est√°is?,FALSE,,"<a href=""http://twitter.com/download/iphone"" rel=""nofollow"">Twitter for iPhone</a>",NA,NA,NA,NA,NA,,,,NA,FALSE,157,11172,FALSE,NA,FALSE,NA,es,NA,NA,16,NA,,NA,NA,,NA,NA,NA,NA,NA,NA,NA,NA,NA,NA
2023-01-09T22:34:38Z,1612578622098776e3,1612578622098776069,@EmilianoG_007 @Saiyans_FC_ @KingsLeague https://t.co/w0uh6D01D6,@EmilianoG_007 @Saiyans_FC_ @KingsLeague https://t.co/w0uh6D01D6,FALSE,,"<a href=""http://twitter.com/download/iphone"" rel=""nofollow"">Twitter for iPhone</a>",161257757409348e4,1612577574093479936,1325916305833283600,1325916305833283584,EmilianoG_007,,,,NA,FALSE,4,120,FALSE,NA,FALSE,NA,qme,FALSE,NA,40,NA,,NA,NA,,NA,NA,NA,NA,NA,NA,NA,NA,NA,NA
